Offline ID,Date,Time,Price
OfflineTrans_1,2014/11/19,00:49:53,10
OfflineTrans_2,2015/04/28,18:00:56,30
OfflineTrans_3,2011/07/31,00:12:38,10
OfflineTrans_4,2016/12/03,12:22:43,70
OfflineTrans_5,2010/07/06,09:04:04,80
OfflineTrans_6,2013/04/14,14:51:10,70
OfflineTrans_7,2015/12/16,08:42:27,10
OfflineTrans_8,2012/07/20,08:27:17,10
OfflineTrans_9,2011/06/30,03:37:50,80
OfflineTrans_10,2014/04/17,21:54:42,10
OfflineTrans_11,2013/05/03,15:04:39,90
OfflineTrans_12,2011/02/07,07:02:48,90
OfflineTrans_13,2015/12/05,06:54:00,10
OfflineTrans_14,2014/11/21,11:41:44,80
OfflineTrans_15,2016/04/08,02:58:15,90
OfflineTrans_16,2014/08/30,01:15:39,40
OfflineTrans_17,2014/06/10,19:32:41,100
OfflineTrans_18,2014/09/06,05:17:35,10
OfflineTrans_19,2015/02/21,23:12:41,90
OfflineTrans_20,2014/01/19,07:01:02,20
OfflineTrans_21,2011/03/23,03:48:49,30
OfflineTrans_22,2016/01/18,21:07:51,50
OfflineTrans_23,2014/02/20,10:33:19,90
OfflineTrans_24,2014/09/11,17:40:48,90
OfflineTrans_25,2010/01/30,23:22:58,20
OfflineTrans_26,2011/07/26,16:41:30,10
OfflineTrans_27,2010/10/28,14:30:27,60
OfflineTrans_28,2010/08/23,11:13:58,80
OfflineTrans_29,2015/04/07,07:38:44,60
OfflineTrans_30,2014/09/17,02:26:18,20
OfflineTrans_31,2012/12/01,14:24:54,70
OfflineTrans_32,2010/09/17,14:54:06,50
OfflineTrans_33,2013/01/12,16:43:54,50
OfflineTrans_34,2014/07/01,21:49:26,80
OfflineTrans_35,2010/08/20,06:35:12,10
OfflineTrans_36,2013/07/18,09:29:54,20
OfflineTrans_37,2010/10/12,20:42:33,40
OfflineTrans_38,2015/05/18,05:26:49,20
OfflineTrans_39,2015/10/11,04:09:30,30
OfflineTrans_40,2014/10/10,10:46:00,20
OfflineTrans_41,2011/04/18,11:06:50,30
OfflineTrans_42,2016/06/27,09:41:18,10
OfflineTrans_43,2010/10/21,02:41:39,100
OfflineTrans_44,2015/10/16,22:00:23,30
OfflineTrans_45,2010/02/13,00:42:32,80
OfflineTrans_46,2014/05/07,02:56:50,80
OfflineTrans_47,2016/07/27,16:23:59,70
OfflineTrans_48,2016/09/16,14:51:14,70
OfflineTrans_49,2013/06/10,17:46:29,90
OfflineTrans_50,2011/11/04,17:43:07,50
OfflineTrans_51,2013/08/03,06:47:48,90
OfflineTrans_52,2015/11/15,03:26:26,10
OfflineTrans_53,2015/03/20,23:24:58,90
OfflineTrans_54,2016/05/24,09:27:21,80
OfflineTrans_55,2016/03/10,22:25:28,90
OfflineTrans_56,2010/11/09,09:28:27,10
OfflineTrans_57,2016/11/10,01:29:00,80
OfflineTrans_58,2013/12/11,02:53:14,50
OfflineTrans_59,2011/03/06,23:17:18,80
OfflineTrans_60,2015/06/20,16:28:59,40
OfflineTrans_61,2015/10/03,19:56:26,70
OfflineTrans_62,2012/09/20,08:12:13,40
OfflineTrans_63,2013/02/12,23:32:28,80
OfflineTrans_64,2014/09/13,10:57:41,10
OfflineTrans_65,2011/12/17,22:44:24,10
OfflineTrans_66,2010/11/07,18:04:32,90
OfflineTrans_67,2015/03/19,02:10:14,20
OfflineTrans_68,2012/01/09,18:08:00,50
OfflineTrans_69,2016/03/23,15:18:13,100
OfflineTrans_70,2013/12/27,16:27:48,40
OfflineTrans_71,2016/10/17,01:19:27,60
OfflineTrans_72,2010/07/08,15:40:11,20
OfflineTrans_73,2013/06/22,14:54:22,50
OfflineTrans_74,2010/08/07,14:29:37,60
OfflineTrans_75,2016/04/22,23:38:43,50
OfflineTrans_76,2013/08/04,11:41:33,20
OfflineTrans_77,2014/12/12,17:38:19,40
OfflineTrans_78,2015/11/16,01:49:24,10
OfflineTrans_79,2013/04/19,01:08:23,90
OfflineTrans_80,2011/05/22,01:39:30,20
OfflineTrans_81,2010/09/18,18:07:18,50
OfflineTrans_82,2016/11/20,14:17:41,80
OfflineTrans_83,2010/04/04,23:52:56,20
OfflineTrans_84,2015/12/06,13:56:27,40
OfflineTrans_85,2016/04/12,14:13:43,50
OfflineTrans_86,2016/06/11,10:57:40,100
OfflineTrans_87,2016/10/13,18:54:52,40
OfflineTrans_88,2016/02/21,23:07:26,30
OfflineTrans_89,2013/05/22,23:53:54,40
OfflineTrans_90,2010/12/16,11:46:32,10
OfflineTrans_91,2014/08/09,14:33:43,60
OfflineTrans_92,2012/02/21,12:37:57,100
OfflineTrans_93,2013/09/05,04:45:43,50
OfflineTrans_94,2010/09/21,19:13:49,40
OfflineTrans_95,2016/11/03,11:14:05,10
OfflineTrans_96,2015/08/22,18:14:21,60
OfflineTrans_97,2011/07/28,05:52:02,20
OfflineTrans_98,2015/01/20,19:22:08,20
OfflineTrans_99,2010/08/29,08:49:08,10
OfflineTrans_100,2010/10/17,19:04:16,10
OfflineTrans_101,2012/01/15,03:45:30,60
OfflineTrans_102,2010/06/15,20:33:37,70
OfflineTrans_103,2011/04/24,21:14:24,20
OfflineTrans_104,2015/07/07,12:46:23,100
OfflineTrans_105,2011/01/19,21:38:38,20
OfflineTrans_106,2010/08/14,16:46:06,60
OfflineTrans_107,2012/02/07,12:23:12,20
OfflineTrans_108,2015/12/31,03:57:30,50
OfflineTrans_109,2016/06/28,11:23:00,70
OfflineTrans_110,2015/05/27,16:10:23,10
OfflineTrans_111,2010/05/20,10:36:28,70
OfflineTrans_112,2010/03/16,16:50:43,10
OfflineTrans_113,2015/04/15,10:52:55,80
OfflineTrans_114,2010/08/21,00:38:34,80
OfflineTrans_115,2016/02/18,16:42:37,50
OfflineTrans_116,2014/07/26,13:45:41,30
OfflineTrans_117,2010/01/29,17:27:45,80
OfflineTrans_118,2015/12/01,05:21:26,90
OfflineTrans_119,2013/09/14,21:29:35,50
OfflineTrans_120,2013/06/20,05:32:35,10
OfflineTrans_121,2016/11/15,06:12:18,90
OfflineTrans_122,2011/04/23,19:42:26,10
OfflineTrans_123,2015/08/10,21:50:20,10
OfflineTrans_124,2013/07/20,18:56:25,40
OfflineTrans_125,2012/01/11,18:37:43,40
OfflineTrans_126,2015/06/13,14:59:01,10
OfflineTrans_127,2012/03/09,07:36:32,100
OfflineTrans_128,2013/08/07,05:58:29,60
OfflineTrans_129,2013/07/01,00:39:22,30
OfflineTrans_130,2012/11/05,21:46:11,100
OfflineTrans_131,2014/05/24,09:56:35,60
OfflineTrans_132,2015/07/16,17:37:44,90
OfflineTrans_133,2013/04/19,00:28:55,70
OfflineTrans_134,2015/09/15,21:16:35,80
OfflineTrans_135,2014/01/18,02:28:41,80
OfflineTrans_136,2014/05/08,09:28:44,80
OfflineTrans_137,2016/04/27,07:34:37,40
OfflineTrans_138,2016/02/25,08:27:13,100
OfflineTrans_139,2013/05/06,02:01:18,30
OfflineTrans_140,2015/10/23,02:43:57,100
OfflineTrans_141,2014/07/20,18:05:32,100
OfflineTrans_142,2013/09/22,06:05:37,100
OfflineTrans_143,2016/01/06,01:52:25,100
OfflineTrans_144,2012/11/01,11:02:19,80
OfflineTrans_145,2014/05/12,06:07:42,70
OfflineTrans_146,2015/02/23,11:18:52,50
OfflineTrans_147,2010/05/26,19:32:23,100
OfflineTrans_148,2014/06/10,01:01:50,40
OfflineTrans_149,2014/01/22,13:31:28,30
OfflineTrans_150,2014/02/07,01:23:20,50
OfflineTrans_151,2010/11/27,07:22:07,50
OfflineTrans_152,2013/12/06,18:49:49,10
OfflineTrans_153,2015/05/30,13:09:46,60
OfflineTrans_154,2016/07/06,19:26:52,60
OfflineTrans_155,2010/06/25,11:29:42,50
OfflineTrans_156,2010/06/09,13:51:21,90
OfflineTrans_157,2014/12/17,11:26:43,70
OfflineTrans_158,2012/08/31,03:21:30,40
OfflineTrans_159,2014/01/13,15:24:07,40
OfflineTrans_160,2011/06/16,09:31:27,100
OfflineTrans_161,2015/07/06,09:39:59,40
OfflineTrans_162,2011/06/05,21:17:02,100
OfflineTrans_163,2016/12/29,01:49:27,80
OfflineTrans_164,2011/10/22,19:17:11,100
OfflineTrans_165,2010/02/16,18:54:20,70
OfflineTrans_166,2014/01/15,14:37:59,60
OfflineTrans_167,2016/02/27,14:41:05,80
OfflineTrans_168,2016/06/13,00:26:26,100
OfflineTrans_169,2013/03/10,21:31:31,50
OfflineTrans_170,2012/07/01,01:22:20,10
OfflineTrans_171,2015/04/04,03:24:55,90
OfflineTrans_172,2010/09/27,22:53:19,50
OfflineTrans_173,2016/03/22,19:49:14,100
OfflineTrans_174,2014/04/08,22:08:58,90
OfflineTrans_175,2013/07/28,15:31:18,20
OfflineTrans_176,2013/08/01,23:15:53,70
OfflineTrans_177,2012/05/31,17:54:17,30
OfflineTrans_178,2013/12/21,23:11:13,20
OfflineTrans_179,2011/01/09,10:01:18,100
OfflineTrans_180,2016/06/21,00:03:46,50
OfflineTrans_181,2011/01/27,13:37:55,60
OfflineTrans_182,2011/12/06,12:45:47,50
OfflineTrans_183,2013/05/27,11:19:27,60
OfflineTrans_184,2016/06/25,20:09:30,20
OfflineTrans_185,2011/06/11,12:43:16,10
OfflineTrans_186,2013/11/18,19:26:41,10
OfflineTrans_187,2016/12/01,19:03:26,100
OfflineTrans_188,2016/05/26,16:47:39,70
OfflineTrans_189,2016/07/19,06:23:59,40
OfflineTrans_190,2013/12/14,10:00:08,40
OfflineTrans_191,2010/11/09,01:51:15,70
OfflineTrans_192,2015/01/21,04:27:44,80
OfflineTrans_193,2015/05/19,06:05:14,40
OfflineTrans_194,2010/11/06,06:37:23,40
OfflineTrans_195,2016/11/11,00:03:15,70
OfflineTrans_196,2015/07/05,16:18:45,100
OfflineTrans_197,2014/11/20,12:38:44,90
OfflineTrans_198,2016/01/07,00:21:36,50
OfflineTrans_199,2014/12/15,18:19:53,100
OfflineTrans_200,2011/01/28,17:55:53,40
OfflineTrans_201,2011/07/08,15:14:56,50
OfflineTrans_202,2013/03/17,10:30:56,90
OfflineTrans_203,2011/10/24,15:04:52,80
OfflineTrans_204,2010/09/26,00:18:57,50
OfflineTrans_205,2010/06/23,12:23:30,70
OfflineTrans_206,2015/05/21,15:13:10,90
OfflineTrans_207,2014/04/27,07:22:28,10
OfflineTrans_208,2012/11/20,00:43:03,100
OfflineTrans_209,2012/05/10,04:01:38,100
OfflineTrans_210,2015/05/05,03:49:43,10
OfflineTrans_211,2012/05/11,00:51:09,50
OfflineTrans_212,2013/06/06,18:00:39,60
OfflineTrans_213,2010/04/09,03:49:56,60
OfflineTrans_214,2015/10/05,05:26:37,100
OfflineTrans_215,2012/11/28,04:23:56,70
OfflineTrans_216,2011/09/17,16:10:51,60
OfflineTrans_217,2012/08/22,04:24:56,100
OfflineTrans_218,2012/10/28,18:57:17,70
OfflineTrans_219,2011/02/09,22:23:47,30
OfflineTrans_220,2012/03/09,15:51:12,40
OfflineTrans_221,2016/10/10,20:28:40,10
OfflineTrans_222,2011/12/19,06:09:39,90
OfflineTrans_223,2010/03/30,18:34:29,20
OfflineTrans_224,2015/02/26,03:22:13,40
OfflineTrans_225,2012/10/23,17:51:19,20
OfflineTrans_226,2010/02/07,13:25:04,80
OfflineTrans_227,2013/08/29,09:58:59,40
OfflineTrans_228,2010/09/12,19:21:25,10
OfflineTrans_229,2016/02/14,04:07:46,30
OfflineTrans_230,2011/08/12,16:51:26,30
OfflineTrans_231,2011/10/09,11:22:05,40
OfflineTrans_232,2010/08/20,22:56:17,80
OfflineTrans_233,2014/10/27,12:41:21,20
OfflineTrans_234,2013/08/01,10:08:20,10
OfflineTrans_235,2011/05/16,12:49:39,20
OfflineTrans_236,2015/04/18,00:40:03,80
OfflineTrans_237,2011/12/20,08:57:23,100
OfflineTrans_238,2015/09/10,11:06:08,30
OfflineTrans_239,2011/03/08,11:28:04,80
OfflineTrans_240,2014/04/28,00:41:26,100
OfflineTrans_241,2014/01/11,16:46:40,40
OfflineTrans_242,2013/07/17,20:38:06,20
OfflineTrans_243,2010/10/02,11:21:57,50
OfflineTrans_244,2014/04/20,18:08:43,100
OfflineTrans_245,2012/04/20,21:14:58,10
OfflineTrans_246,2013/08/29,03:38:58,20
OfflineTrans_247,2016/01/04,19:24:41,50
OfflineTrans_248,2014/12/10,15:44:28,10
OfflineTrans_249,2016/06/26,23:21:46,90
OfflineTrans_250,2010/02/12,14:39:30,80
OfflineTrans_251,2010/02/16,07:11:46,50
OfflineTrans_252,2016/04/04,09:14:13,90
OfflineTrans_253,2012/01/30,06:42:33,60
OfflineTrans_254,2010/05/15,05:31:44,60
OfflineTrans_255,2014/05/31,22:10:43,30
OfflineTrans_256,2014/11/21,08:49:41,80
OfflineTrans_257,2010/06/22,19:21:17,40
OfflineTrans_258,2011/01/26,21:53:15,60
OfflineTrans_259,2015/08/03,10:49:46,90
OfflineTrans_260,2016/08/04,05:43:50,60
OfflineTrans_261,2012/09/05,08:09:16,90
OfflineTrans_262,2010/05/11,08:06:27,20
OfflineTrans_263,2010/03/24,02:24:44,40
OfflineTrans_264,2010/07/01,03:32:50,100
OfflineTrans_265,2013/12/09,11:03:02,30
OfflineTrans_266,2011/08/06,09:03:37,60
OfflineTrans_267,2015/10/17,10:52:14,80
OfflineTrans_268,2015/11/28,18:09:17,20
OfflineTrans_269,2010/04/14,19:16:30,80
OfflineTrans_270,2016/12/22,02:43:01,50
OfflineTrans_271,2013/03/25,15:25:46,10
OfflineTrans_272,2014/04/25,15:32:08,20
OfflineTrans_273,2013/07/08,10:24:31,70
OfflineTrans_274,2013/12/24,23:57:32,60
OfflineTrans_275,2011/08/12,00:14:30,10
OfflineTrans_276,2015/10/26,11:49:16,80
OfflineTrans_277,2010/08/21,23:47:59,80
OfflineTrans_278,2010/08/15,01:38:49,60
OfflineTrans_279,2013/10/04,07:26:53,80
OfflineTrans_280,2010/02/13,08:33:17,60
OfflineTrans_281,2010/09/26,04:32:14,30
OfflineTrans_282,2013/11/19,21:01:08,30
OfflineTrans_283,2016/05/18,16:09:23,50
OfflineTrans_284,2012/10/24,08:15:07,90
OfflineTrans_285,2014/04/03,19:11:44,90
OfflineTrans_286,2013/10/15,00:22:47,70
OfflineTrans_287,2010/09/14,01:55:37,60
OfflineTrans_288,2014/09/22,04:53:27,20
OfflineTrans_289,2014/11/09,21:00:17,30
OfflineTrans_290,2016/04/15,23:46:48,50
OfflineTrans_291,2014/04/25,16:25:06,80
OfflineTrans_292,2010/07/15,08:37:07,10
OfflineTrans_293,2016/08/23,06:03:17,60
OfflineTrans_294,2014/07/16,13:18:03,10
OfflineTrans_295,2011/01/13,13:06:49,10
OfflineTrans_296,2013/08/01,21:24:55,90
OfflineTrans_297,2016/02/19,14:54:07,60
OfflineTrans_298,2016/10/28,03:32:50,90
OfflineTrans_299,2012/06/27,23:43:51,10
OfflineTrans_300,2016/06/02,02:58:05,40
OfflineTrans_301,2016/10/19,11:38:02,30
OfflineTrans_302,2015/09/20,09:28:09,10
OfflineTrans_303,2013/09/24,14:02:22,50
OfflineTrans_304,2013/04/25,23:48:13,100
OfflineTrans_305,2012/09/11,11:13:23,70
OfflineTrans_306,2015/05/06,03:14:04,60
OfflineTrans_307,2012/02/18,09:20:52,70
OfflineTrans_308,2013/05/01,02:24:21,40
OfflineTrans_309,2015/12/18,06:24:18,10
OfflineTrans_310,2015/11/22,17:37:26,50
OfflineTrans_311,2013/06/14,10:31:10,90
OfflineTrans_312,2016/09/12,14:26:41,40
OfflineTrans_313,2012/10/10,21:44:32,70
OfflineTrans_314,2012/10/30,04:22:34,40
OfflineTrans_315,2012/07/06,02:16:03,20
OfflineTrans_316,2010/01/10,17:26:19,50
OfflineTrans_317,2016/08/13,21:53:54,10
OfflineTrans_318,2013/03/19,09:47:44,80
OfflineTrans_319,2014/10/01,09:17:51,70
OfflineTrans_320,2014/06/22,14:11:19,30
OfflineTrans_321,2012/07/02,14:22:00,20
OfflineTrans_322,2012/01/24,03:42:37,40
OfflineTrans_323,2015/01/04,18:41:21,40
OfflineTrans_324,2012/02/23,07:22:45,80
OfflineTrans_325,2016/08/07,18:01:36,50
OfflineTrans_326,2016/01/16,13:33:32,50
OfflineTrans_327,2015/09/23,09:23:38,70
OfflineTrans_328,2015/09/26,20:35:31,100
OfflineTrans_329,2015/11/13,17:45:45,30
OfflineTrans_330,2011/03/20,04:25:20,70
OfflineTrans_331,2015/02/25,02:12:31,30
OfflineTrans_332,2015/09/01,04:33:04,60
OfflineTrans_333,2016/12/06,11:25:26,70
OfflineTrans_334,2011/11/19,17:33:10,80
OfflineTrans_335,2011/12/24,14:39:01,50
OfflineTrans_336,2012/08/16,02:45:00,40
OfflineTrans_337,2010/03/23,11:04:22,30
OfflineTrans_338,2014/02/10,14:40:50,10
OfflineTrans_339,2015/12/16,20:35:29,70
OfflineTrans_340,2016/03/09,15:11:57,40
OfflineTrans_341,2012/12/31,18:06:37,60
OfflineTrans_342,2012/05/29,21:57:06,60
OfflineTrans_343,2015/11/20,20:49:59,70
OfflineTrans_344,2015/10/11,14:28:15,20
OfflineTrans_345,2015/03/28,05:28:52,90
OfflineTrans_346,2011/05/25,04:40:27,90
OfflineTrans_347,2015/10/20,06:10:00,70
OfflineTrans_348,2014/11/08,03:12:51,90
OfflineTrans_349,2014/08/11,14:47:04,70
OfflineTrans_350,2013/07/19,00:54:51,40
OfflineTrans_351,2012/04/29,08:31:50,20
OfflineTrans_352,2010/02/09,15:50:24,90
OfflineTrans_353,2015/08/11,02:46:36,70
OfflineTrans_354,2010/05/02,03:27:48,60
OfflineTrans_355,2012/04/02,07:06:01,70
OfflineTrans_356,2015/03/18,04:50:52,20
OfflineTrans_357,2016/05/16,05:28:27,100
OfflineTrans_358,2010/12/24,01:59:34,30
OfflineTrans_359,2013/12/10,04:21:47,10
OfflineTrans_360,2015/03/29,00:45:15,20
OfflineTrans_361,2012/03/11,21:06:09,90
OfflineTrans_362,2012/02/04,23:14:45,40
OfflineTrans_363,2013/11/26,02:32:46,80
OfflineTrans_364,2012/02/14,13:28:32,60
OfflineTrans_365,2013/12/22,18:10:36,20
OfflineTrans_366,2015/11/19,09:26:26,20
OfflineTrans_367,2014/09/30,07:16:10,90
OfflineTrans_368,2014/03/14,22:39:58,40
OfflineTrans_369,2012/12/28,13:52:56,30
OfflineTrans_370,2013/09/13,15:23:01,60
OfflineTrans_371,2013/05/21,04:20:29,80
OfflineTrans_372,2015/12/29,01:27:25,80
OfflineTrans_373,2016/02/09,10:22:19,10
OfflineTrans_374,2012/04/08,15:49:47,50
OfflineTrans_375,2014/10/08,07:06:04,100
OfflineTrans_376,2014/05/06,02:16:57,100
OfflineTrans_377,2013/08/30,08:54:39,40
OfflineTrans_378,2013/07/26,23:09:21,70
OfflineTrans_379,2012/03/12,01:52:00,90
OfflineTrans_380,2011/04/10,05:53:40,100
OfflineTrans_381,2010/02/11,01:26:43,100
OfflineTrans_382,2014/07/09,11:49:41,100
OfflineTrans_383,2011/05/19,09:30:05,80
OfflineTrans_384,2015/09/22,15:10:15,70
OfflineTrans_385,2014/11/07,17:22:02,50
OfflineTrans_386,2013/08/19,02:40:27,50
OfflineTrans_387,2013/12/06,20:25:17,80
OfflineTrans_388,2014/03/23,22:50:53,50
OfflineTrans_389,2014/08/11,12:49:03,70
OfflineTrans_390,2010/11/15,02:05:38,80
OfflineTrans_391,2012/06/18,20:20:33,60
OfflineTrans_392,2016/10/19,19:16:26,60
OfflineTrans_393,2012/12/19,12:33:10,20
OfflineTrans_394,2016/05/13,17:50:46,40
OfflineTrans_395,2011/12/03,13:29:31,10
OfflineTrans_396,2016/12/09,22:07:07,30
OfflineTrans_397,2015/03/31,11:28:18,50
OfflineTrans_398,2016/08/31,00:10:31,100
OfflineTrans_399,2014/02/20,12:49:16,70
OfflineTrans_400,2011/03/28,17:16:47,80
OfflineTrans_401,2013/05/14,10:44:19,50
OfflineTrans_402,2010/07/10,07:10:16,40
OfflineTrans_403,2010/03/25,08:12:08,60
OfflineTrans_404,2012/06/22,19:52:01,60
OfflineTrans_405,2012/10/15,13:53:12,90
OfflineTrans_406,2014/12/30,20:41:00,50
OfflineTrans_407,2016/10/25,13:31:37,50
OfflineTrans_408,2016/06/14,23:22:02,20
OfflineTrans_409,2011/07/25,05:37:16,10
OfflineTrans_410,2012/01/05,05:26:11,30
OfflineTrans_411,2010/09/21,08:31:25,20
OfflineTrans_412,2011/09/04,16:03:31,10
OfflineTrans_413,2016/07/12,03:48:18,20
OfflineTrans_414,2012/02/07,19:44:50,100
OfflineTrans_415,2010/05/25,15:31:02,70
OfflineTrans_416,2014/05/19,10:51:31,70
OfflineTrans_417,2015/09/25,17:11:09,40
OfflineTrans_418,2014/04/30,05:49:13,40
OfflineTrans_419,2011/08/09,17:20:38,10
OfflineTrans_420,2013/05/05,05:38:41,100
OfflineTrans_421,2015/03/15,09:03:16,20
OfflineTrans_422,2014/01/24,14:45:40,70
OfflineTrans_423,2013/02/21,07:45:31,50
OfflineTrans_424,2011/03/02,05:47:39,30
OfflineTrans_425,2013/06/06,08:02:11,100
OfflineTrans_426,2015/01/23,04:33:30,60
OfflineTrans_427,2011/02/08,04:36:28,60
OfflineTrans_428,2011/09/04,10:45:22,50
OfflineTrans_429,2014/09/23,09:33:54,60
OfflineTrans_430,2015/03/30,12:42:03,20
OfflineTrans_431,2012/11/29,21:17:50,30
OfflineTrans_432,2011/02/04,21:44:25,100
OfflineTrans_433,2015/10/06,06:52:26,60
OfflineTrans_434,2013/02/21,10:44:49,80
OfflineTrans_435,2013/07/26,01:08:43,50
OfflineTrans_436,2011/07/21,01:12:05,40
OfflineTrans_437,2011/02/19,09:01:46,20
OfflineTrans_438,2013/05/20,10:46:49,100
OfflineTrans_439,2011/01/01,02:34:51,50
OfflineTrans_440,2012/09/12,16:06:51,30
OfflineTrans_441,2015/05/24,00:42:31,20
OfflineTrans_442,2011/09/22,15:47:45,60
OfflineTrans_443,2014/05/17,23:00:19,30
OfflineTrans_444,2014/12/03,10:49:37,40
OfflineTrans_445,2013/10/28,11:40:33,60
OfflineTrans_446,2014/10/08,19:49:38,100
OfflineTrans_447,2012/04/20,00:28:01,100
OfflineTrans_448,2012/07/22,15:13:56,90
OfflineTrans_449,2012/02/05,01:37:22,30
OfflineTrans_450,2013/11/26,03:09:21,10
OfflineTrans_451,2015/11/25,20:14:54,80
OfflineTrans_452,2010/04/19,17:07:56,50
OfflineTrans_453,2010/12/20,07:40:51,70
OfflineTrans_454,2012/01/15,19:53:40,30
OfflineTrans_455,2011/06/18,07:15:23,80
OfflineTrans_456,2014/05/25,06:02:46,70
OfflineTrans_457,2010/02/06,06:26:35,90
OfflineTrans_458,2012/07/25,15:02:47,30
OfflineTrans_459,2016/01/27,22:15:39,20
OfflineTrans_460,2014/10/29,21:18:01,40
OfflineTrans_461,2010/10/22,23:51:27,40
OfflineTrans_462,2011/12/25,01:37:32,40
OfflineTrans_463,2015/12/02,00:54:29,40
OfflineTrans_464,2016/07/26,15:49:12,90
OfflineTrans_465,2015/02/14,19:52:40,10
OfflineTrans_466,2012/06/26,19:55:55,90
OfflineTrans_467,2011/02/12,13:40:49,20
OfflineTrans_468,2016/04/04,16:09:34,30
OfflineTrans_469,2015/11/14,23:41:37,80
OfflineTrans_470,2012/02/13,20:14:25,70
OfflineTrans_471,2011/12/15,08:36:23,50
OfflineTrans_472,2014/04/05,18:10:41,90
OfflineTrans_473,2013/11/04,07:56:19,30
OfflineTrans_474,2016/04/29,17:48:44,80
OfflineTrans_475,2012/03/07,20:08:10,20
OfflineTrans_476,2010/09/01,10:55:12,80
OfflineTrans_477,2014/02/04,06:55:54,70
OfflineTrans_478,2014/06/25,10:14:57,20
OfflineTrans_479,2013/03/22,07:48:13,60
OfflineTrans_480,2016/03/11,20:34:52,100
OfflineTrans_481,2011/05/21,21:28:20,20
OfflineTrans_482,2012/02/14,00:14:11,40
OfflineTrans_483,2016/06/27,03:49:48,40
OfflineTrans_484,2012/05/08,23:17:57,90
OfflineTrans_485,2014/02/27,14:17:44,70
OfflineTrans_486,2010/12/13,03:49:29,10
OfflineTrans_487,2016/09/30,15:20:31,60
OfflineTrans_488,2014/04/04,23:55:49,60
OfflineTrans_489,2013/07/06,19:56:47,30
OfflineTrans_490,2015/10/27,19:06:41,70
OfflineTrans_491,2012/01/31,04:59:16,90
OfflineTrans_492,2014/04/26,00:56:50,60
OfflineTrans_493,2010/10/19,20:02:52,100
OfflineTrans_494,2011/01/01,15:00:10,30
OfflineTrans_495,2013/11/19,07:06:18,50
OfflineTrans_496,2015/12/02,03:37:43,10
OfflineTrans_497,2013/06/26,22:53:27,10
OfflineTrans_498,2015/01/01,12:04:24,70
OfflineTrans_499,2015/03/06,10:32:59,30
OfflineTrans_500,2012/05/08,06:53:47,90
OfflineTrans_501,2010/02/13,18:45:20,30
OfflineTrans_502,2010/02/17,04:25:01,80
OfflineTrans_503,2016/08/11,14:37:57,70
OfflineTrans_504,2013/12/17,08:27:16,60
OfflineTrans_505,2016/06/15,23:09:26,50
OfflineTrans_506,2011/10/16,15:45:06,90
OfflineTrans_507,2014/08/17,20:45:39,30
OfflineTrans_508,2013/07/20,02:43:33,10
OfflineTrans_509,2016/04/09,16:35:05,100
OfflineTrans_510,2010/11/06,10:33:53,90
OfflineTrans_511,2012/09/27,03:38:47,100
OfflineTrans_512,2010/08/27,18:40:17,20
OfflineTrans_513,2012/12/19,14:53:05,30
OfflineTrans_514,2012/03/24,02:15:59,40
OfflineTrans_515,2013/01/02,01:18:30,100
OfflineTrans_516,2010/02/14,22:26:45,90
OfflineTrans_517,2013/03/05,10:20:44,40
OfflineTrans_518,2012/10/02,05:56:35,50
OfflineTrans_519,2014/05/19,06:21:14,50
OfflineTrans_520,2016/09/08,15:30:04,70
OfflineTrans_521,2011/07/28,14:37:37,20
OfflineTrans_522,2016/06/17,16:32:47,30
OfflineTrans_523,2014/01/02,11:02:07,30
OfflineTrans_524,2012/05/15,00:06:52,10
OfflineTrans_525,2010/06/17,08:59:50,60
OfflineTrans_526,2010/11/20,02:37:10,70
OfflineTrans_527,2011/04/16,07:54:14,20
OfflineTrans_528,2013/12/11,00:14:19,70
OfflineTrans_529,2015/11/21,13:19:52,30
OfflineTrans_530,2016/06/18,09:03:23,40
OfflineTrans_531,2016/04/17,03:20:36,50
OfflineTrans_532,2016/01/03,03:17:14,60
OfflineTrans_533,2016/08/04,07:12:39,10
OfflineTrans_534,2015/11/27,10:16:56,20
OfflineTrans_535,2012/12/18,16:47:08,10
OfflineTrans_536,2016/01/18,21:23:46,60
OfflineTrans_537,2010/09/10,09:38:03,100
OfflineTrans_538,2010/08/04,16:07:16,40
OfflineTrans_539,2012/08/06,02:35:42,60
OfflineTrans_540,2016/12/18,23:33:33,100
OfflineTrans_541,2011/06/09,16:31:04,20
OfflineTrans_542,2015/05/04,04:31:31,60
OfflineTrans_543,2010/08/14,01:01:42,20
OfflineTrans_544,2014/05/27,01:49:47,40
OfflineTrans_545,2010/07/25,22:38:31,90
OfflineTrans_546,2013/08/15,09:26:01,20
OfflineTrans_547,2014/07/11,22:29:35,30
OfflineTrans_548,2013/09/26,20:36:05,30
OfflineTrans_549,2016/05/17,15:03:33,60
OfflineTrans_550,2011/11/27,16:18:11,70
OfflineTrans_551,2013/06/04,22:18:07,90
OfflineTrans_552,2010/12/12,16:57:39,80
OfflineTrans_553,2011/05/13,05:40:49,100
OfflineTrans_554,2010/06/05,00:19:34,10
OfflineTrans_555,2013/04/25,06:40:50,90
OfflineTrans_556,2011/10/28,00:24:57,60
OfflineTrans_557,2011/04/24,05:41:51,70
OfflineTrans_558,2014/08/09,06:05:35,100
OfflineTrans_559,2015/10/07,19:53:11,20
OfflineTrans_560,2010/03/14,05:47:56,100
OfflineTrans_561,2014/01/24,06:45:20,40
OfflineTrans_562,2015/01/22,18:54:41,60
OfflineTrans_563,2016/03/15,16:51:13,50
OfflineTrans_564,2013/08/28,14:27:04,40
OfflineTrans_565,2013/12/18,01:53:26,70
OfflineTrans_566,2012/03/02,17:13:23,50
OfflineTrans_567,2012/09/14,20:18:42,100
OfflineTrans_568,2014/08/27,09:00:26,70
OfflineTrans_569,2012/10/03,00:11:32,90
OfflineTrans_570,2015/04/20,16:14:01,50
OfflineTrans_571,2014/08/14,01:45:33,70
OfflineTrans_572,2014/03/11,12:11:08,100
OfflineTrans_573,2013/08/20,02:15:52,10
OfflineTrans_574,2015/03/27,13:00:52,80
OfflineTrans_575,2011/08/05,02:53:52,40
OfflineTrans_576,2014/03/14,12:40:06,100
OfflineTrans_577,2011/11/09,06:07:50,90
OfflineTrans_578,2016/02/13,05:30:48,70
OfflineTrans_579,2010/12/07,08:07:39,20
OfflineTrans_580,2011/03/26,05:22:58,50
OfflineTrans_581,2011/01/08,17:19:35,40
OfflineTrans_582,2014/05/11,13:14:29,100
OfflineTrans_583,2012/03/05,19:56:13,20
OfflineTrans_584,2012/05/20,13:08:38,30
OfflineTrans_585,2014/10/13,01:03:17,100
OfflineTrans_586,2015/06/29,05:14:37,100
OfflineTrans_587,2014/03/17,21:43:08,90
OfflineTrans_588,2016/02/04,06:39:55,70
OfflineTrans_589,2013/02/03,03:01:40,100
OfflineTrans_590,2012/12/21,08:36:46,100
OfflineTrans_591,2016/04/16,22:14:44,60
OfflineTrans_592,2010/02/27,21:03:53,30
OfflineTrans_593,2011/01/12,15:52:07,60
OfflineTrans_594,2015/06/29,12:43:04,10
OfflineTrans_595,2013/10/24,03:59:10,70
OfflineTrans_596,2014/12/29,16:49:13,30
OfflineTrans_597,2010/08/29,18:44:03,60
OfflineTrans_598,2016/07/07,12:35:08,60
OfflineTrans_599,2012/08/24,16:07:58,90
OfflineTrans_600,2013/05/31,16:29:46,40
OfflineTrans_601,2014/10/25,04:42:01,10
OfflineTrans_602,2010/04/06,09:10:43,60
OfflineTrans_603,2010/08/09,21:29:28,30
OfflineTrans_604,2011/06/13,16:27:02,10
OfflineTrans_605,2015/06/30,02:32:35,40
OfflineTrans_606,2012/03/13,01:58:53,70
OfflineTrans_607,2015/08/24,05:22:32,100
OfflineTrans_608,2010/05/07,12:39:33,30
OfflineTrans_609,2011/04/25,11:03:14,30
OfflineTrans_610,2016/07/30,16:45:36,10
OfflineTrans_611,2011/07/30,09:40:32,70
OfflineTrans_612,2012/05/02,08:21:16,60
OfflineTrans_613,2013/12/07,04:09:44,10
OfflineTrans_614,2013/10/02,21:06:24,90
OfflineTrans_615,2014/09/20,15:07:55,90
OfflineTrans_616,2011/09/19,13:38:19,100
OfflineTrans_617,2012/03/29,21:25:29,90
OfflineTrans_618,2011/12/04,16:17:29,70
OfflineTrans_619,2010/10/22,14:07:34,70
OfflineTrans_620,2015/05/03,13:26:48,80
OfflineTrans_621,2014/11/24,09:31:19,70
OfflineTrans_622,2010/02/04,04:46:31,20
OfflineTrans_623,2015/06/29,11:34:24,100
OfflineTrans_624,2015/12/05,06:33:07,20
OfflineTrans_625,2015/08/03,13:48:18,20
OfflineTrans_626,2012/04/21,23:49:52,70
OfflineTrans_627,2013/12/01,23:22:15,40
OfflineTrans_628,2016/03/30,11:20:59,70
OfflineTrans_629,2011/10/26,00:43:05,20
OfflineTrans_630,2016/07/24,18:28:10,30
OfflineTrans_631,2012/08/27,19:05:18,100
OfflineTrans_632,2016/08/19,19:20:19,20
OfflineTrans_633,2016/10/27,15:02:40,80
OfflineTrans_634,2013/04/05,03:23:41,30
OfflineTrans_635,2011/01/29,21:04:28,30
OfflineTrans_636,2015/04/26,10:13:54,20
OfflineTrans_637,2015/06/16,01:38:47,90
OfflineTrans_638,2016/09/21,03:42:19,20
OfflineTrans_639,2015/08/31,12:35:52,40
OfflineTrans_640,2016/10/08,22:33:16,20
OfflineTrans_641,2016/04/20,00:52:16,30
OfflineTrans_642,2010/03/28,00:59:01,10
OfflineTrans_643,2012/02/08,14:59:14,80
OfflineTrans_644,2013/03/27,04:55:08,30
OfflineTrans_645,2013/12/28,21:32:41,90
OfflineTrans_646,2016/10/27,16:42:38,60
OfflineTrans_647,2014/12/13,04:04:57,30
OfflineTrans_648,2016/03/26,22:13:40,80
OfflineTrans_649,2011/09/30,23:00:52,30
OfflineTrans_650,2015/10/04,07:00:13,100
OfflineTrans_651,2014/07/26,22:51:36,50
OfflineTrans_652,2016/08/22,10:22:40,100
OfflineTrans_653,2015/11/07,11:53:05,10
OfflineTrans_654,2013/01/21,20:26:08,50
OfflineTrans_655,2015/07/26,18:55:59,10
OfflineTrans_656,2014/06/08,15:33:17,30
OfflineTrans_657,2015/05/12,19:35:10,10
OfflineTrans_658,2012/06/25,20:03:55,50
OfflineTrans_659,2013/09/04,16:27:56,100
OfflineTrans_660,2010/03/06,01:53:10,30
OfflineTrans_661,2012/01/16,00:07:25,70
OfflineTrans_662,2016/05/01,06:33:39,90
OfflineTrans_663,2016/10/22,15:03:43,40
OfflineTrans_664,2011/11/11,18:23:57,50
OfflineTrans_665,2012/08/03,01:35:59,20
OfflineTrans_666,2010/11/20,08:51:48,60
OfflineTrans_667,2010/03/05,05:19:37,60
OfflineTrans_668,2011/01/17,22:37:55,10
OfflineTrans_669,2010/08/10,15:35:12,80
OfflineTrans_670,2015/11/02,02:36:16,90
OfflineTrans_671,2010/10/25,13:25:20,20
OfflineTrans_672,2016/11/28,13:24:04,100
OfflineTrans_673,2016/01/28,02:14:36,90
OfflineTrans_674,2012/12/01,01:18:45,90
OfflineTrans_675,2013/02/22,06:13:54,30
OfflineTrans_676,2013/01/24,12:55:27,80
OfflineTrans_677,2012/09/27,07:19:12,50
OfflineTrans_678,2011/02/04,07:16:50,60
OfflineTrans_679,2012/04/18,06:14:05,50
OfflineTrans_680,2014/06/27,22:21:23,80
OfflineTrans_681,2016/11/06,06:29:31,50
OfflineTrans_682,2016/11/11,08:01:44,100
OfflineTrans_683,2014/02/15,01:49:26,70
OfflineTrans_684,2015/09/13,23:32:13,60
OfflineTrans_685,2012/12/01,10:04:28,40
OfflineTrans_686,2012/09/09,07:51:47,80
OfflineTrans_687,2013/02/18,02:08:19,90
OfflineTrans_688,2011/04/11,19:38:24,50
OfflineTrans_689,2015/03/04,13:03:59,20
OfflineTrans_690,2016/10/22,20:23:02,80
OfflineTrans_691,2011/06/14,18:48:00,70
OfflineTrans_692,2010/03/19,02:27:26,90
OfflineTrans_693,2016/02/21,01:07:50,70
OfflineTrans_694,2011/04/04,08:33:07,10
OfflineTrans_695,2012/01/28,05:53:37,40
OfflineTrans_696,2011/09/24,08:53:55,80
OfflineTrans_697,2012/02/21,01:48:46,60
OfflineTrans_698,2012/04/01,20:20:52,90
OfflineTrans_699,2012/10/09,18:39:04,80
OfflineTrans_700,2012/09/30,01:28:34,30
OfflineTrans_701,2011/02/01,02:31:29,80
OfflineTrans_702,2013/08/02,00:34:16,100
OfflineTrans_703,2012/08/28,12:19:10,30
OfflineTrans_704,2010/02/28,22:46:45,70
OfflineTrans_705,2016/07/03,20:46:12,90
OfflineTrans_706,2015/10/21,06:04:40,60
OfflineTrans_707,2013/03/23,09:38:30,50
OfflineTrans_708,2012/03/29,06:38:42,30
OfflineTrans_709,2016/11/23,17:57:55,20
OfflineTrans_710,2015/07/10,02:48:11,90
OfflineTrans_711,2016/09/22,09:25:02,10
OfflineTrans_712,2016/09/29,21:56:51,60
OfflineTrans_713,2015/05/20,01:29:55,90
OfflineTrans_714,2013/11/07,08:25:56,80
OfflineTrans_715,2015/06/11,03:52:18,20
OfflineTrans_716,2011/04/20,13:02:29,30
OfflineTrans_717,2016/07/17,00:26:11,50
OfflineTrans_718,2011/07/29,03:56:40,100
OfflineTrans_719,2012/07/28,12:03:49,70
OfflineTrans_720,2014/09/18,11:05:05,70
OfflineTrans_721,2011/05/20,01:35:24,70
OfflineTrans_722,2014/01/09,20:22:59,40
OfflineTrans_723,2014/12/04,13:10:29,60
OfflineTrans_724,2010/07/10,12:45:12,30
OfflineTrans_725,2015/04/12,00:55:22,40
OfflineTrans_726,2016/12/30,01:23:36,90
OfflineTrans_727,2012/04/01,11:44:11,10
OfflineTrans_728,2010/06/02,20:11:14,100
OfflineTrans_729,2012/03/30,17:42:34,80
OfflineTrans_730,2015/01/09,19:43:51,80
OfflineTrans_731,2013/03/02,15:36:23,30
OfflineTrans_732,2013/04/30,17:15:43,50
OfflineTrans_733,2011/08/11,15:50:21,80
OfflineTrans_734,2015/10/28,10:51:28,50
OfflineTrans_735,2013/06/28,12:06:21,20
OfflineTrans_736,2011/02/11,14:21:01,60
OfflineTrans_737,2014/08/16,17:27:46,10
OfflineTrans_738,2016/09/17,15:49:33,60
OfflineTrans_739,2013/05/09,13:31:06,90
OfflineTrans_740,2014/07/09,04:08:15,20
OfflineTrans_741,2015/03/26,23:09:22,50
OfflineTrans_742,2013/01/29,10:05:57,90
OfflineTrans_743,2014/04/07,22:33:00,80
OfflineTrans_744,2013/08/12,16:51:44,30
OfflineTrans_745,2016/12/06,17:34:21,60
OfflineTrans_746,2012/09/14,05:01:42,90
OfflineTrans_747,2014/11/29,21:05:26,50
OfflineTrans_748,2016/06/21,12:33:13,10
OfflineTrans_749,2014/04/12,14:03:37,90
OfflineTrans_750,2010/06/26,02:26:36,20
OfflineTrans_751,2014/03/08,23:31:48,80
OfflineTrans_752,2015/08/30,20:46:44,50
OfflineTrans_753,2014/07/04,08:13:03,60
OfflineTrans_754,2012/02/08,01:56:21,30
OfflineTrans_755,2016/03/07,08:52:14,80
OfflineTrans_756,2012/10/13,00:14:26,90
OfflineTrans_757,2012/02/07,21:00:41,10
OfflineTrans_758,2011/06/07,09:00:06,80
OfflineTrans_759,2013/03/14,09:54:49,90
OfflineTrans_760,2014/05/07,15:55:53,80
OfflineTrans_761,2016/06/14,20:50:35,60
OfflineTrans_762,2016/05/13,11:51:37,10
OfflineTrans_763,2010/09/04,20:39:01,30
OfflineTrans_764,2011/01/23,09:21:58,30
OfflineTrans_765,2015/03/10,22:35:48,60
OfflineTrans_766,2014/03/01,06:02:47,40
OfflineTrans_767,2012/03/04,09:26:31,90
OfflineTrans_768,2012/10/23,09:19:47,60
OfflineTrans_769,2013/11/16,12:33:29,100
OfflineTrans_770,2015/07/12,13:50:41,70
OfflineTrans_771,2010/04/30,12:00:35,70
OfflineTrans_772,2012/02/08,20:04:44,40
OfflineTrans_773,2011/08/10,01:56:45,60
OfflineTrans_774,2014/08/04,17:34:44,40
OfflineTrans_775,2015/09/20,02:48:00,70
OfflineTrans_776,2011/07/15,15:52:03,20
OfflineTrans_777,2010/04/18,03:46:04,30
OfflineTrans_778,2013/08/18,12:11:14,20
OfflineTrans_779,2011/01/02,21:05:00,20
OfflineTrans_780,2014/07/29,03:07:37,10
OfflineTrans_781,2014/02/10,00:18:37,30
OfflineTrans_782,2015/03/10,06:16:18,90
OfflineTrans_783,2013/03/26,04:34:55,60
OfflineTrans_784,2011/08/13,03:23:31,80
OfflineTrans_785,2010/04/17,21:52:01,20
OfflineTrans_786,2012/05/31,12:12:06,40
OfflineTrans_787,2014/05/25,06:46:18,70
OfflineTrans_788,2012/05/23,05:11:57,20
OfflineTrans_789,2013/11/04,07:41:23,20
OfflineTrans_790,2010/08/06,12:08:02,60
OfflineTrans_791,2016/09/26,17:56:11,100
OfflineTrans_792,2013/04/18,17:29:17,70
OfflineTrans_793,2016/12/16,00:23:42,60
OfflineTrans_794,2010/05/31,19:28:11,20
OfflineTrans_795,2014/05/11,19:40:45,100
OfflineTrans_796,2015/02/23,06:25:47,10
OfflineTrans_797,2014/07/29,22:55:57,60
OfflineTrans_798,2016/07/12,06:49:54,90
OfflineTrans_799,2010/12/15,03:50:06,60
OfflineTrans_800,2011/06/13,21:09:59,50
OfflineTrans_801,2015/01/21,06:05:51,50
OfflineTrans_802,2011/04/14,06:08:07,30
OfflineTrans_803,2013/07/21,21:58:42,80
OfflineTrans_804,2016/08/29,01:12:41,10
OfflineTrans_805,2015/11/16,23:29:45,70
OfflineTrans_806,2012/04/09,19:54:04,50
OfflineTrans_807,2011/03/12,08:18:30,20
OfflineTrans_808,2016/03/02,22:34:24,100
OfflineTrans_809,2015/11/25,08:18:30,60
OfflineTrans_810,2012/03/13,12:41:27,40
OfflineTrans_811,2013/09/28,07:09:47,10
OfflineTrans_812,2013/01/03,01:15:20,90
OfflineTrans_813,2010/05/20,08:38:57,30
OfflineTrans_814,2016/12/21,01:19:25,70
OfflineTrans_815,2014/08/15,16:17:27,70
OfflineTrans_816,2010/09/03,06:57:19,40
OfflineTrans_817,2012/05/20,14:39:19,100
OfflineTrans_818,2012/01/07,07:48:02,30
OfflineTrans_819,2013/01/24,00:22:58,60
OfflineTrans_820,2016/03/24,03:58:08,10
OfflineTrans_821,2012/08/11,19:56:57,80
OfflineTrans_822,2012/10/20,12:29:37,50
OfflineTrans_823,2012/07/10,15:36:19,80
OfflineTrans_824,2012/07/27,05:58:02,40
OfflineTrans_825,2013/03/19,03:44:18,60
OfflineTrans_826,2016/11/17,05:24:15,80
OfflineTrans_827,2010/09/18,13:30:14,40
OfflineTrans_828,2010/10/15,05:40:45,10
OfflineTrans_829,2016/05/29,21:28:21,60
OfflineTrans_830,2011/09/01,14:31:27,100
OfflineTrans_831,2012/03/26,19:13:42,50
OfflineTrans_832,2014/06/18,13:30:00,10
OfflineTrans_833,2012/12/12,14:49:50,30
OfflineTrans_834,2015/10/15,00:44:35,30
OfflineTrans_835,2014/02/14,14:08:27,10
OfflineTrans_836,2011/10/27,19:19:54,90
OfflineTrans_837,2011/01/21,02:18:28,80
OfflineTrans_838,2015/04/26,18:52:13,20
OfflineTrans_839,2010/12/27,19:15:19,80
OfflineTrans_840,2016/12/14,04:20:56,30
OfflineTrans_841,2010/07/06,16:26:13,60
OfflineTrans_842,2014/09/23,21:58:33,90
OfflineTrans_843,2012/12/16,03:36:04,10
OfflineTrans_844,2010/11/23,16:39:32,80
OfflineTrans_845,2014/09/13,22:15:16,50
OfflineTrans_846,2010/07/31,08:15:01,70
OfflineTrans_847,2011/07/27,13:41:00,20
OfflineTrans_848,2010/01/31,14:35:00,40
OfflineTrans_849,2012/08/05,17:05:57,100
OfflineTrans_850,2014/08/19,02:34:49,70
OfflineTrans_851,2016/04/23,14:29:55,50
OfflineTrans_852,2015/03/16,00:57:27,80
OfflineTrans_853,2010/06/07,21:48:03,10
OfflineTrans_854,2011/10/31,13:13:27,30
OfflineTrans_855,2010/10/09,10:57:01,10
OfflineTrans_856,2013/08/23,10:11:11,70
OfflineTrans_857,2011/09/17,05:05:35,100
OfflineTrans_858,2011/06/27,11:49:51,50
OfflineTrans_859,2014/06/07,05:18:05,70
OfflineTrans_860,2011/02/12,22:48:01,60
OfflineTrans_861,2013/02/24,22:26:47,50
OfflineTrans_862,2016/08/30,14:49:41,20
OfflineTrans_863,2015/07/31,16:42:01,60
OfflineTrans_864,2016/02/06,07:34:18,80
OfflineTrans_865,2015/06/14,12:16:49,50
OfflineTrans_866,2012/09/13,02:06:53,70
OfflineTrans_867,2010/12/02,02:32:48,60
OfflineTrans_868,2016/07/03,14:17:27,20
OfflineTrans_869,2011/01/06,14:00:32,90
OfflineTrans_870,2011/11/27,02:04:05,40
OfflineTrans_871,2016/06/15,02:51:13,40
OfflineTrans_872,2011/07/12,06:08:11,40
OfflineTrans_873,2016/08/18,18:01:58,30
OfflineTrans_874,2012/05/31,17:16:41,50
OfflineTrans_875,2012/06/03,20:08:23,20
OfflineTrans_876,2014/05/01,07:26:57,70
OfflineTrans_877,2012/12/28,23:40:40,20
OfflineTrans_878,2013/12/27,11:55:40,30
OfflineTrans_879,2014/05/31,23:34:14,100
OfflineTrans_880,2015/08/03,22:30:36,10
OfflineTrans_881,2011/08/15,21:49:33,100
OfflineTrans_882,2013/09/20,01:36:47,50
OfflineTrans_883,2013/10/16,23:04:01,90
OfflineTrans_884,2012/01/19,21:40:12,10
OfflineTrans_885,2015/07/21,00:03:27,70
OfflineTrans_886,2014/07/25,04:59:56,100
OfflineTrans_887,2015/09/11,00:32:51,70
OfflineTrans_888,2010/04/05,18:07:43,70
OfflineTrans_889,2016/01/18,08:08:11,50
OfflineTrans_890,2013/02/14,02:19:26,30
OfflineTrans_891,2011/05/18,09:55:11,30
OfflineTrans_892,2012/03/12,13:59:36,90
OfflineTrans_893,2012/10/14,06:44:37,50
OfflineTrans_894,2016/12/15,18:34:31,90
OfflineTrans_895,2011/04/18,19:02:19,60
OfflineTrans_896,2011/03/27,11:23:13,90
OfflineTrans_897,2012/08/27,02:12:24,50
OfflineTrans_898,2012/03/18,15:42:25,20
OfflineTrans_899,2010/09/26,11:50:30,10
OfflineTrans_900,2013/09/02,18:41:02,30
OfflineTrans_901,2014/02/11,20:13:16,60
OfflineTrans_902,2010/03/11,10:14:22,40
OfflineTrans_903,2015/03/13,17:34:13,70
OfflineTrans_904,2013/09/29,07:29:46,80
OfflineTrans_905,2012/08/09,13:07:22,90
OfflineTrans_906,2010/08/14,10:45:17,80
OfflineTrans_907,2011/01/27,02:35:32,40
OfflineTrans_908,2015/08/06,22:32:40,100
OfflineTrans_909,2014/08/09,08:22:31,10
OfflineTrans_910,2015/06/26,01:54:14,40
OfflineTrans_911,2014/03/08,19:51:15,10
OfflineTrans_912,2016/03/22,21:11:26,10
OfflineTrans_913,2012/03/15,21:20:44,80
OfflineTrans_914,2010/12/21,08:36:50,100
OfflineTrans_915,2011/04/10,17:04:39,10
OfflineTrans_916,2010/10/02,04:57:07,50
OfflineTrans_917,2015/07/14,07:09:46,90
OfflineTrans_918,2016/12/19,08:25:07,70
OfflineTrans_919,2011/01/05,19:56:01,20
OfflineTrans_920,2014/07/30,02:45:26,30
OfflineTrans_921,2013/02/01,11:34:17,90
OfflineTrans_922,2012/05/22,19:58:05,40
OfflineTrans_923,2016/10/09,11:22:10,10
OfflineTrans_924,2015/11/16,03:39:24,40
OfflineTrans_925,2012/05/05,07:51:02,20
OfflineTrans_926,2011/01/24,01:36:50,70
OfflineTrans_927,2010/02/08,15:31:37,20
OfflineTrans_928,2014/12/30,10:11:19,70
OfflineTrans_929,2013/04/10,17:34:07,90
OfflineTrans_930,2010/11/04,06:17:47,20
OfflineTrans_931,2011/08/31,00:32:39,90
OfflineTrans_932,2010/05/21,19:20:11,40
OfflineTrans_933,2011/01/13,10:03:05,60
OfflineTrans_934,2016/11/10,08:37:06,60
OfflineTrans_935,2014/02/17,22:48:26,20
OfflineTrans_936,2013/08/21,02:18:25,50
OfflineTrans_937,2010/06/24,08:39:30,30
OfflineTrans_938,2015/03/16,18:57:15,60
OfflineTrans_939,2012/03/25,00:17:23,50
OfflineTrans_940,2015/01/30,01:08:11,40
OfflineTrans_941,2013/09/07,23:43:29,90
OfflineTrans_942,2016/05/30,06:37:00,50
OfflineTrans_943,2014/04/21,21:10:54,40
OfflineTrans_944,2015/11/20,16:16:32,70
OfflineTrans_945,2010/05/20,13:51:47,40
OfflineTrans_946,2015/07/30,02:49:48,40
OfflineTrans_947,2016/08/21,21:54:29,20
OfflineTrans_948,2015/11/30,09:25:57,20
OfflineTrans_949,2015/07/17,16:32:34,100
OfflineTrans_950,2010/08/26,17:38:36,30
OfflineTrans_951,2013/06/27,19:08:36,50
OfflineTrans_952,2011/08/17,05:50:21,90
OfflineTrans_953,2013/01/14,03:06:35,70
OfflineTrans_954,2013/04/04,18:09:09,60
OfflineTrans_955,2010/07/01,10:45:36,20
OfflineTrans_956,2015/05/19,04:32:54,90
OfflineTrans_957,2014/04/27,12:15:54,20
OfflineTrans_958,2010/08/09,03:11:36,40
OfflineTrans_959,2013/05/17,18:02:26,50
OfflineTrans_960,2010/08/05,05:04:47,10
OfflineTrans_961,2011/06/12,23:12:41,60
OfflineTrans_962,2015/01/15,01:51:23,30
OfflineTrans_963,2010/12/24,22:28:17,50
OfflineTrans_964,2012/06/24,23:04:36,20
OfflineTrans_965,2014/11/24,11:13:43,80
OfflineTrans_966,2015/02/09,11:13:23,60
OfflineTrans_967,2016/02/12,03:00:24,60
OfflineTrans_968,2015/05/17,13:43:55,10
OfflineTrans_969,2013/04/23,02:15:30,10
OfflineTrans_970,2011/05/07,13:35:04,100
OfflineTrans_971,2013/06/15,15:23:26,50
OfflineTrans_972,2016/12/29,14:18:40,100
OfflineTrans_973,2010/10/04,22:40:23,50
OfflineTrans_974,2010/10/04,04:13:22,80
OfflineTrans_975,2015/11/18,06:37:16,60
OfflineTrans_976,2011/02/20,16:25:48,90
OfflineTrans_977,2016/05/01,22:54:30,20
OfflineTrans_978,2015/07/08,05:23:44,70
OfflineTrans_979,2010/01/18,14:55:52,10
OfflineTrans_980,2014/11/15,07:16:12,20
OfflineTrans_981,2016/03/02,08:07:31,100
OfflineTrans_982,2013/07/15,12:44:09,50
OfflineTrans_983,2016/06/30,00:18:45,100
OfflineTrans_984,2012/03/15,17:57:22,70
OfflineTrans_985,2016/10/17,12:03:07,100
OfflineTrans_986,2016/12/29,21:35:42,20
OfflineTrans_987,2010/07/31,12:19:53,50
OfflineTrans_988,2014/02/11,17:02:17,20
OfflineTrans_989,2010/08/07,17:39:52,60
OfflineTrans_990,2013/12/15,18:04:01,90
OfflineTrans_991,2014/09/15,01:15:53,20
OfflineTrans_992,2012/01/17,01:52:47,20
OfflineTrans_993,2011/12/29,17:53:47,20
OfflineTrans_994,2015/09/07,08:53:14,70
OfflineTrans_995,2014/07/10,16:23:52,30
OfflineTrans_996,2016/11/21,08:41:56,100
OfflineTrans_997,2013/10/16,05:08:44,20
OfflineTrans_998,2013/08/20,12:38:49,90
OfflineTrans_999,2015/04/06,13:17:40,100
OfflineTrans_1000,2010/02/05,06:27:19,30
OfflineTrans_1001,2014/12/24,15:39:25,90
OfflineTrans_1002,2011/09/19,03:29:30,50
OfflineTrans_1003,2010/02/03,00:03:52,20
OfflineTrans_1004,2015/09/26,01:18:40,40
OfflineTrans_1005,2012/06/22,00:21:12,30
OfflineTrans_1006,2015/12/21,15:32:06,80
OfflineTrans_1007,2016/11/15,19:24:51,20
OfflineTrans_1008,2011/10/22,20:19:48,40
OfflineTrans_1009,2014/06/27,00:48:11,50
OfflineTrans_1010,2016/12/03,09:59:15,20
OfflineTrans_1011,2016/09/04,03:56:13,50
OfflineTrans_1012,2013/08/26,02:02:44,40
OfflineTrans_1013,2013/06/16,12:37:32,70
OfflineTrans_1014,2016/03/04,06:46:17,50
OfflineTrans_1015,2015/11/09,01:58:34,100
OfflineTrans_1016,2013/04/01,08:55:30,70
OfflineTrans_1017,2016/03/01,09:28:37,70
OfflineTrans_1018,2016/06/07,06:33:00,40
OfflineTrans_1019,2010/05/13,23:04:39,80
OfflineTrans_1020,2016/10/06,05:02:43,20
OfflineTrans_1021,2013/05/22,05:41:53,30
OfflineTrans_1022,2015/01/25,13:00:22,100
OfflineTrans_1023,2011/10/22,13:29:37,40
OfflineTrans_1024,2015/05/19,21:45:30,40
OfflineTrans_1025,2013/10/01,20:48:53,60
OfflineTrans_1026,2016/04/29,13:44:25,70
OfflineTrans_1027,2015/04/08,02:10:58,30
OfflineTrans_1028,2010/07/16,12:39:18,80
OfflineTrans_1029,2012/12/17,22:23:08,50
OfflineTrans_1030,2013/07/12,08:08:28,30
OfflineTrans_1031,2010/08/21,06:25:33,100
OfflineTrans_1032,2010/12/09,14:53:51,40
OfflineTrans_1033,2015/03/31,13:26:35,70
OfflineTrans_1034,2010/09/23,19:34:26,10
OfflineTrans_1035,2016/09/03,00:24:44,70
OfflineTrans_1036,2010/09/19,02:49:24,90
OfflineTrans_1037,2016/09/11,07:13:59,90
OfflineTrans_1038,2016/07/19,19:01:42,80
OfflineTrans_1039,2012/07/09,19:09:13,30
OfflineTrans_1040,2014/03/08,03:36:10,30
OfflineTrans_1041,2016/06/20,09:34:49,100
OfflineTrans_1042,2012/03/13,22:53:44,70
OfflineTrans_1043,2010/11/01,01:37:22,60
OfflineTrans_1044,2012/12/03,09:00:54,60
OfflineTrans_1045,2011/05/15,04:46:46,20
OfflineTrans_1046,2016/09/08,01:51:31,60
OfflineTrans_1047,2016/03/04,19:58:50,20
OfflineTrans_1048,2010/07/14,12:34:10,80
OfflineTrans_1049,2016/02/14,22:55:07,100
OfflineTrans_1050,2016/07/14,05:25:37,100
OfflineTrans_1051,2010/04/18,22:18:04,100
OfflineTrans_1052,2012/07/04,08:47:33,20
OfflineTrans_1053,2014/08/08,13:22:05,100
OfflineTrans_1054,2012/02/06,11:20:23,30
OfflineTrans_1055,2010/11/19,23:38:18,60
OfflineTrans_1056,2011/05/08,17:26:41,60
OfflineTrans_1057,2011/06/05,07:15:04,90
OfflineTrans_1058,2016/02/24,18:55:27,80
OfflineTrans_1059,2011/11/21,05:31:53,30
OfflineTrans_1060,2014/05/21,21:42:09,40
OfflineTrans_1061,2012/09/03,21:33:07,10
OfflineTrans_1062,2012/07/10,11:07:20,30
OfflineTrans_1063,2015/04/29,20:27:20,70
OfflineTrans_1064,2010/12/01,10:11:36,80
OfflineTrans_1065,2013/04/01,18:37:10,40
OfflineTrans_1066,2014/12/31,11:36:53,30
OfflineTrans_1067,2011/08/20,12:14:53,70
OfflineTrans_1068,2012/12/11,16:31:42,20
OfflineTrans_1069,2014/07/18,03:24:46,10
OfflineTrans_1070,2014/02/26,07:09:11,90
OfflineTrans_1071,2010/02/16,23:45:35,40
OfflineTrans_1072,2014/01/05,04:05:09,10
OfflineTrans_1073,2016/05/08,03:18:18,60
OfflineTrans_1074,2010/12/17,12:28:24,100
OfflineTrans_1075,2016/12/07,05:05:54,70
OfflineTrans_1076,2010/09/19,10:19:18,70
OfflineTrans_1077,2010/08/24,12:20:03,60
OfflineTrans_1078,2016/02/09,10:07:57,90
OfflineTrans_1079,2011/04/01,18:03:03,50
OfflineTrans_1080,2016/10/06,02:35:38,60
OfflineTrans_1081,2015/08/23,07:02:52,80
OfflineTrans_1082,2011/07/18,14:09:35,40
OfflineTrans_1083,2012/04/09,15:22:35,70
OfflineTrans_1084,2013/03/30,19:18:54,80
OfflineTrans_1085,2013/08/22,12:12:13,70
OfflineTrans_1086,2013/02/25,13:32:02,20
OfflineTrans_1087,2014/08/05,09:00:36,30
OfflineTrans_1088,2015/01/25,09:18:05,50
OfflineTrans_1089,2012/04/20,02:18:09,100
OfflineTrans_1090,2016/06/24,20:36:44,60
OfflineTrans_1091,2012/06/14,04:23:51,80
OfflineTrans_1092,2014/12/23,03:37:10,100
OfflineTrans_1093,2012/01/01,13:17:16,90
OfflineTrans_1094,2010/10/11,17:20:49,50
OfflineTrans_1095,2015/11/22,02:03:51,70
OfflineTrans_1096,2015/04/02,20:10:10,20
OfflineTrans_1097,2015/10/10,02:36:11,80
OfflineTrans_1098,2010/07/11,21:29:46,30
OfflineTrans_1099,2011/03/13,12:58:59,40
OfflineTrans_1100,2013/04/26,04:34:09,90
OfflineTrans_1101,2014/09/05,22:51:20,20
OfflineTrans_1102,2011/04/28,08:39:24,80
OfflineTrans_1103,2010/04/30,19:53:43,90
OfflineTrans_1104,2014/01/10,03:54:21,70
OfflineTrans_1105,2012/04/13,02:57:14,80
OfflineTrans_1106,2010/04/06,18:44:58,50
OfflineTrans_1107,2014/09/28,01:42:30,40
OfflineTrans_1108,2012/12/05,11:31:48,30
OfflineTrans_1109,2016/05/15,19:24:13,30
OfflineTrans_1110,2015/12/28,08:13:33,80
OfflineTrans_1111,2012/09/10,15:51:29,80
OfflineTrans_1112,2015/01/04,22:50:34,10
OfflineTrans_1113,2010/07/13,13:10:17,20
OfflineTrans_1114,2014/12/18,23:58:52,50
OfflineTrans_1115,2011/04/03,11:37:15,80
OfflineTrans_1116,2014/03/04,09:29:49,80
OfflineTrans_1117,2011/02/11,08:44:45,70
OfflineTrans_1118,2015/11/05,07:44:19,10
OfflineTrans_1119,2012/03/27,07:25:37,30
OfflineTrans_1120,2013/06/01,23:36:31,70
OfflineTrans_1121,2015/04/28,06:28:36,70
OfflineTrans_1122,2014/09/09,22:43:33,10
OfflineTrans_1123,2011/05/23,05:28:42,60
OfflineTrans_1124,2010/04/28,23:34:25,60
OfflineTrans_1125,2015/06/19,16:10:47,50
OfflineTrans_1126,2010/04/13,14:20:27,30
OfflineTrans_1127,2015/07/28,00:10:38,80
OfflineTrans_1128,2014/03/28,00:30:57,30
OfflineTrans_1129,2010/10/21,23:42:35,60
OfflineTrans_1130,2016/10/07,07:29:48,10
OfflineTrans_1131,2010/07/21,13:16:25,10
OfflineTrans_1132,2015/06/25,04:22:25,80
OfflineTrans_1133,2011/02/02,17:23:14,90
OfflineTrans_1134,2010/11/18,10:57:24,90
OfflineTrans_1135,2012/07/03,16:45:11,40
OfflineTrans_1136,2013/05/15,23:00:46,60
OfflineTrans_1137,2011/02/21,17:18:02,30
OfflineTrans_1138,2010/03/31,15:59:57,80
OfflineTrans_1139,2016/04/18,07:56:26,80
OfflineTrans_1140,2010/07/06,08:05:17,60
OfflineTrans_1141,2016/03/26,15:13:14,60
OfflineTrans_1142,2011/12/27,00:36:38,60
OfflineTrans_1143,2015/07/09,13:12:13,60
OfflineTrans_1144,2016/10/06,19:34:14,80
OfflineTrans_1145,2016/12/13,02:09:49,100
OfflineTrans_1146,2016/10/09,05:44:53,40
OfflineTrans_1147,2013/12/07,21:28:56,50
OfflineTrans_1148,2011/01/24,00:32:06,70
OfflineTrans_1149,2015/08/13,05:52:17,50
OfflineTrans_1150,2016/03/03,18:37:45,80
OfflineTrans_1151,2014/06/24,05:56:55,30
OfflineTrans_1152,2013/12/07,14:10:20,20
OfflineTrans_1153,2013/11/09,00:49:42,80
OfflineTrans_1154,2015/11/13,17:54:40,90
OfflineTrans_1155,2014/04/03,10:19:49,70
OfflineTrans_1156,2012/04/26,05:03:18,30
OfflineTrans_1157,2016/02/23,16:21:14,10
OfflineTrans_1158,2012/10/28,02:31:40,40
OfflineTrans_1159,2016/07/21,00:33:37,60
OfflineTrans_1160,2016/12/12,12:18:47,70
OfflineTrans_1161,2012/08/03,07:41:04,50
OfflineTrans_1162,2010/02/08,19:31:03,60
OfflineTrans_1163,2015/06/06,01:39:00,40
OfflineTrans_1164,2013/09/05,06:52:13,30
OfflineTrans_1165,2010/12/26,06:58:54,40
OfflineTrans_1166,2010/12/07,22:02:11,80
OfflineTrans_1167,2010/01/17,03:41:23,80
OfflineTrans_1168,2012/02/16,15:51:41,70
OfflineTrans_1169,2011/03/06,11:41:55,60
OfflineTrans_1170,2016/05/05,03:07:14,60
OfflineTrans_1171,2012/08/20,18:03:58,30
OfflineTrans_1172,2010/05/30,00:13:15,10
OfflineTrans_1173,2011/05/01,03:00:39,20
OfflineTrans_1174,2011/02/26,07:10:30,90
OfflineTrans_1175,2010/03/04,05:58:30,80
OfflineTrans_1176,2011/04/12,02:37:33,10
OfflineTrans_1177,2010/12/04,12:10:53,30
OfflineTrans_1178,2014/02/07,13:56:58,30
OfflineTrans_1179,2012/05/04,01:06:58,80
OfflineTrans_1180,2016/07/15,04:36:18,80
OfflineTrans_1181,2013/04/09,15:00:21,100
OfflineTrans_1182,2016/10/25,23:54:21,100
OfflineTrans_1183,2013/06/21,00:42:54,90
OfflineTrans_1184,2010/02/16,00:41:05,80
OfflineTrans_1185,2015/09/07,07:10:22,80
OfflineTrans_1186,2010/09/21,15:18:36,60
OfflineTrans_1187,2012/06/11,12:19:40,10
OfflineTrans_1188,2014/10/29,00:55:06,90
OfflineTrans_1189,2013/07/19,06:09:15,100
OfflineTrans_1190,2011/12/31,10:36:09,60
OfflineTrans_1191,2014/10/10,13:56:14,60
OfflineTrans_1192,2016/02/19,08:48:35,50
OfflineTrans_1193,2012/02/07,16:44:56,20
OfflineTrans_1194,2013/03/15,15:16:30,100
OfflineTrans_1195,2012/10/23,22:35:14,80
OfflineTrans_1196,2013/02/01,23:46:52,60
OfflineTrans_1197,2014/02/18,18:33:22,80
OfflineTrans_1198,2012/11/09,06:03:13,50
OfflineTrans_1199,2015/03/19,20:25:21,30
OfflineTrans_1200,2015/04/24,14:19:04,30
OfflineTrans_1201,2012/03/14,18:22:46,10
OfflineTrans_1202,2010/11/06,11:41:14,50
OfflineTrans_1203,2015/09/20,22:18:01,40
OfflineTrans_1204,2013/07/12,23:24:26,20
OfflineTrans_1205,2012/01/01,23:44:17,40
OfflineTrans_1206,2015/11/21,21:02:23,10
OfflineTrans_1207,2014/10/21,12:38:27,30
OfflineTrans_1208,2012/12/04,13:52:45,60
OfflineTrans_1209,2012/12/28,20:17:42,40
OfflineTrans_1210,2010/02/22,10:32:28,100
OfflineTrans_1211,2012/06/18,15:14:44,30
OfflineTrans_1212,2016/04/06,13:26:19,40
OfflineTrans_1213,2016/12/17,04:27:03,100
OfflineTrans_1214,2015/12/07,12:24:26,20
OfflineTrans_1215,2016/05/22,09:23:55,20
OfflineTrans_1216,2015/08/23,11:53:19,70
OfflineTrans_1217,2016/08/27,10:23:00,80
OfflineTrans_1218,2011/11/01,05:52:38,20
OfflineTrans_1219,2013/06/20,04:28:52,60
OfflineTrans_1220,2013/03/14,08:58:14,80
OfflineTrans_1221,2013/10/30,00:18:10,80
OfflineTrans_1222,2011/03/30,05:30:12,10
OfflineTrans_1223,2012/05/02,22:10:37,20
OfflineTrans_1224,2015/12/07,03:50:17,90
OfflineTrans_1225,2014/06/11,18:46:58,100
OfflineTrans_1226,2015/02/23,01:53:32,90
OfflineTrans_1227,2012/01/07,08:19:40,40
OfflineTrans_1228,2011/07/30,04:47:21,80
OfflineTrans_1229,2011/01/01,01:28:30,40
OfflineTrans_1230,2010/03/24,00:14:51,60
OfflineTrans_1231,2016/11/19,22:18:32,100
OfflineTrans_1232,2013/03/15,08:30:49,40
OfflineTrans_1233,2011/01/28,08:42:55,100
OfflineTrans_1234,2015/08/08,15:38:02,30
OfflineTrans_1235,2016/09/23,07:44:44,60
OfflineTrans_1236,2013/01/27,20:15:20,40
OfflineTrans_1237,2014/06/28,11:05:23,40
OfflineTrans_1238,2014/07/14,03:49:45,80
OfflineTrans_1239,2016/01/01,02:18:45,90
OfflineTrans_1240,2010/06/24,06:21:58,70
OfflineTrans_1241,2014/09/04,07:37:49,80
OfflineTrans_1242,2011/06/19,09:45:21,20
OfflineTrans_1243,2016/09/28,04:09:44,10
OfflineTrans_1244,2014/08/21,07:19:28,70
OfflineTrans_1245,2010/05/24,07:59:06,30
OfflineTrans_1246,2016/02/17,22:42:56,20
OfflineTrans_1247,2013/04/11,22:37:04,40
OfflineTrans_1248,2010/01/18,04:44:57,10
OfflineTrans_1249,2010/12/18,17:18:05,30
OfflineTrans_1250,2016/09/29,14:01:44,90
OfflineTrans_1251,2013/03/31,20:34:38,80
OfflineTrans_1252,2014/10/16,20:30:10,100
OfflineTrans_1253,2010/12/26,16:34:33,100
OfflineTrans_1254,2015/08/01,10:28:30,90
OfflineTrans_1255,2013/09/20,20:38:01,90
OfflineTrans_1256,2015/06/06,18:23:49,100
OfflineTrans_1257,2013/09/22,08:07:07,80
OfflineTrans_1258,2015/09/26,04:28:33,20
OfflineTrans_1259,2010/01/01,13:08:12,70
OfflineTrans_1260,2014/09/23,20:46:35,10
OfflineTrans_1261,2015/12/18,11:38:58,70
OfflineTrans_1262,2016/11/19,20:45:09,60
OfflineTrans_1263,2010/12/05,22:08:35,50
OfflineTrans_1264,2010/01/13,10:17:04,70
OfflineTrans_1265,2015/06/26,06:59:56,90
OfflineTrans_1266,2010/08/28,05:10:29,10
OfflineTrans_1267,2013/02/09,16:11:05,100
OfflineTrans_1268,2012/12/21,12:33:02,20
OfflineTrans_1269,2015/03/10,05:27:56,90
OfflineTrans_1270,2012/02/10,18:13:50,90
OfflineTrans_1271,2013/06/13,21:18:58,90
OfflineTrans_1272,2012/11/11,22:08:31,60
OfflineTrans_1273,2013/07/28,16:04:01,100
OfflineTrans_1274,2013/03/11,20:55:55,90
OfflineTrans_1275,2010/07/01,02:12:45,30
OfflineTrans_1276,2013/12/18,10:23:17,30
OfflineTrans_1277,2012/04/26,07:12:12,100
OfflineTrans_1278,2013/10/10,05:26:53,60
OfflineTrans_1279,2014/01/05,08:21:11,30
OfflineTrans_1280,2013/04/12,03:02:40,30
OfflineTrans_1281,2013/07/08,07:51:25,50
OfflineTrans_1282,2010/04/05,01:09:16,100
OfflineTrans_1283,2011/01/26,10:35:17,30
OfflineTrans_1284,2014/07/03,20:44:16,40
OfflineTrans_1285,2015/11/03,20:49:36,90
OfflineTrans_1286,2014/10/16,09:54:17,10
OfflineTrans_1287,2012/12/05,06:45:07,40
OfflineTrans_1288,2012/07/25,21:07:35,60
OfflineTrans_1289,2013/07/10,12:39:46,30
OfflineTrans_1290,2012/12/05,08:58:12,100
OfflineTrans_1291,2010/04/17,17:58:29,70
OfflineTrans_1292,2012/06/26,21:04:05,100
OfflineTrans_1293,2012/10/24,22:59:03,60
OfflineTrans_1294,2011/03/22,21:14:41,20
OfflineTrans_1295,2012/07/08,09:21:35,70
OfflineTrans_1296,2011/04/19,07:35:13,40
OfflineTrans_1297,2011/11/16,07:00:09,20
OfflineTrans_1298,2015/08/18,11:04:29,70
OfflineTrans_1299,2014/04/08,12:56:48,60
OfflineTrans_1300,2010/01/23,10:15:40,100
OfflineTrans_1301,2010/09/26,04:54:38,50
OfflineTrans_1302,2010/09/19,12:56:42,50
OfflineTrans_1303,2012/12/03,20:54:05,60
OfflineTrans_1304,2014/04/22,02:10:42,50
OfflineTrans_1305,2013/11/27,17:43:47,40
OfflineTrans_1306,2013/06/03,17:35:43,80
OfflineTrans_1307,2011/04/09,09:23:51,70
OfflineTrans_1308,2016/03/23,19:43:54,40
OfflineTrans_1309,2010/03/12,09:49:17,30
OfflineTrans_1310,2015/04/13,19:35:01,100
OfflineTrans_1311,2012/07/03,01:23:25,60
OfflineTrans_1312,2013/09/17,07:08:45,80
OfflineTrans_1313,2015/07/16,19:15:33,90
OfflineTrans_1314,2013/07/28,03:29:14,90
OfflineTrans_1315,2011/03/19,18:11:27,10
OfflineTrans_1316,2014/05/18,01:03:01,80
OfflineTrans_1317,2011/05/12,22:54:06,100
OfflineTrans_1318,2014/02/20,00:07:37,50
OfflineTrans_1319,2016/12/09,13:45:57,40
OfflineTrans_1320,2014/11/19,12:41:38,20
OfflineTrans_1321,2010/01/25,19:15:52,40
OfflineTrans_1322,2010/03/26,06:06:28,100
OfflineTrans_1323,2010/05/15,20:48:51,20
OfflineTrans_1324,2012/11/17,03:01:31,100
OfflineTrans_1325,2011/06/14,05:10:15,10
OfflineTrans_1326,2012/11/20,13:48:00,80
OfflineTrans_1327,2014/03/05,20:34:42,30
OfflineTrans_1328,2013/04/29,03:51:37,30
OfflineTrans_1329,2011/07/07,02:26:50,50
OfflineTrans_1330,2011/06/10,02:50:48,90
OfflineTrans_1331,2013/05/21,15:52:49,20
OfflineTrans_1332,2012/03/31,23:07:02,100
OfflineTrans_1333,2012/02/26,11:26:58,30
OfflineTrans_1334,2016/04/23,06:24:48,80
OfflineTrans_1335,2016/07/21,05:55:36,40
OfflineTrans_1336,2016/01/23,19:18:00,60
OfflineTrans_1337,2012/09/23,08:56:23,50
OfflineTrans_1338,2010/10/27,18:15:48,10
OfflineTrans_1339,2015/04/14,11:43:38,90
OfflineTrans_1340,2012/12/03,05:27:40,80
OfflineTrans_1341,2016/02/06,08:13:39,100
OfflineTrans_1342,2010/10/15,08:10:45,50
OfflineTrans_1343,2016/08/19,18:43:20,50
OfflineTrans_1344,2014/08/21,19:32:36,90
OfflineTrans_1345,2014/05/11,02:08:30,30
OfflineTrans_1346,2010/11/04,21:24:47,60
OfflineTrans_1347,2012/01/05,15:31:18,60
OfflineTrans_1348,2015/09/20,21:00:56,30
OfflineTrans_1349,2014/12/24,01:23:02,100
OfflineTrans_1350,2011/12/14,09:31:40,90
OfflineTrans_1351,2013/08/08,08:47:37,50
OfflineTrans_1352,2015/01/17,14:42:28,30
OfflineTrans_1353,2012/03/07,21:36:20,90
OfflineTrans_1354,2013/12/20,20:26:34,60
OfflineTrans_1355,2010/12/03,22:13:07,20
OfflineTrans_1356,2013/08/19,18:08:18,100
OfflineTrans_1357,2016/11/08,13:15:03,40
OfflineTrans_1358,2015/02/05,00:35:47,50
OfflineTrans_1359,2016/12/15,21:18:50,20
OfflineTrans_1360,2011/05/15,04:40:57,90
OfflineTrans_1361,2016/07/14,01:24:16,40
OfflineTrans_1362,2013/05/05,06:41:51,40
OfflineTrans_1363,2013/08/12,17:52:26,80
OfflineTrans_1364,2011/09/09,06:47:20,60
OfflineTrans_1365,2012/08/25,13:06:11,10
OfflineTrans_1366,2013/03/02,05:33:24,10
OfflineTrans_1367,2010/10/01,11:55:36,20
OfflineTrans_1368,2015/05/18,18:27:58,50
OfflineTrans_1369,2013/12/26,06:31:17,10
OfflineTrans_1370,2016/01/13,12:20:17,10
OfflineTrans_1371,2011/04/20,15:11:09,30
OfflineTrans_1372,2013/01/31,13:49:26,10
OfflineTrans_1373,2016/10/26,13:28:09,60
OfflineTrans_1374,2010/12/06,09:12:05,70
OfflineTrans_1375,2010/09/20,14:39:54,90
OfflineTrans_1376,2014/03/06,23:59:57,90
OfflineTrans_1377,2011/10/09,21:36:01,20
OfflineTrans_1378,2012/09/23,09:01:55,40
OfflineTrans_1379,2012/11/23,18:05:33,10
OfflineTrans_1380,2016/10/01,10:43:37,10
OfflineTrans_1381,2014/09/06,19:25:52,30
OfflineTrans_1382,2016/06/30,23:16:19,50
OfflineTrans_1383,2014/10/18,05:51:03,30
OfflineTrans_1384,2016/11/11,14:57:39,10
OfflineTrans_1385,2013/06/19,03:50:34,10
OfflineTrans_1386,2015/09/20,23:37:50,50
OfflineTrans_1387,2013/06/29,17:23:57,10
OfflineTrans_1388,2013/04/27,21:16:06,50
OfflineTrans_1389,2013/10/24,12:02:25,100
OfflineTrans_1390,2013/06/12,15:15:54,30
OfflineTrans_1391,2014/09/09,06:23:21,30
OfflineTrans_1392,2013/05/07,22:00:27,30
OfflineTrans_1393,2016/10/14,12:08:17,60
OfflineTrans_1394,2011/04/20,17:38:39,100
OfflineTrans_1395,2015/01/14,09:38:41,90
OfflineTrans_1396,2012/06/08,10:14:37,70
OfflineTrans_1397,2014/06/19,15:00:53,10
OfflineTrans_1398,2015/10/14,02:51:27,10
OfflineTrans_1399,2010/10/24,20:39:47,20
OfflineTrans_1400,2011/06/14,02:28:56,20
OfflineTrans_1401,2014/10/25,09:41:00,10
OfflineTrans_1402,2012/02/10,02:01:34,40
OfflineTrans_1403,2014/07/14,07:04:25,20
OfflineTrans_1404,2014/08/20,07:39:03,60
OfflineTrans_1405,2013/01/14,09:31:18,100
OfflineTrans_1406,2015/04/02,15:04:23,100
OfflineTrans_1407,2011/10/23,17:03:27,50
OfflineTrans_1408,2014/10/23,07:04:13,20
OfflineTrans_1409,2010/12/24,11:04:37,40
OfflineTrans_1410,2014/09/14,00:23:17,50
OfflineTrans_1411,2014/07/24,18:33:36,20
OfflineTrans_1412,2015/08/30,19:54:34,60
OfflineTrans_1413,2014/03/14,16:18:26,100
OfflineTrans_1414,2012/05/09,22:09:16,50
OfflineTrans_1415,2015/07/10,12:33:24,70
OfflineTrans_1416,2010/08/31,01:01:50,10
OfflineTrans_1417,2011/01/26,21:27:21,90
OfflineTrans_1418,2012/01/05,19:09:15,70
OfflineTrans_1419,2013/12/25,20:30:54,50
OfflineTrans_1420,2014/11/19,22:49:55,90
OfflineTrans_1421,2015/06/17,19:12:52,90
OfflineTrans_1422,2011/09/02,06:01:37,80
OfflineTrans_1423,2011/03/26,23:05:38,10
OfflineTrans_1424,2015/03/31,10:48:17,50
OfflineTrans_1425,2012/12/20,20:52:32,70
OfflineTrans_1426,2016/04/07,01:43:18,100
OfflineTrans_1427,2010/09/05,16:53:04,10
OfflineTrans_1428,2010/06/08,21:32:02,80
OfflineTrans_1429,2015/01/19,04:08:31,100
OfflineTrans_1430,2011/06/29,04:38:05,30
OfflineTrans_1431,2011/11/20,16:16:00,90
OfflineTrans_1432,2012/11/12,19:48:53,10
OfflineTrans_1433,2013/08/07,18:01:51,60
OfflineTrans_1434,2016/06/01,14:58:28,100
OfflineTrans_1435,2010/07/01,05:34:39,70
OfflineTrans_1436,2016/08/21,22:21:26,60
OfflineTrans_1437,2014/09/01,02:31:22,90
OfflineTrans_1438,2012/04/22,00:46:49,10
OfflineTrans_1439,2014/06/13,20:23:08,70
OfflineTrans_1440,2015/08/24,00:16:44,20
OfflineTrans_1441,2010/01/03,01:12:07,60
OfflineTrans_1442,2012/01/03,01:15:04,90
OfflineTrans_1443,2014/04/22,00:31:31,80
OfflineTrans_1444,2014/03/16,12:32:15,50
OfflineTrans_1445,2014/05/12,01:11:37,30
OfflineTrans_1446,2012/10/28,13:20:30,40
OfflineTrans_1447,2014/11/14,08:05:17,50
OfflineTrans_1448,2015/06/07,09:14:17,20
OfflineTrans_1449,2014/11/01,04:15:52,100
OfflineTrans_1450,2011/11/07,23:09:05,100
OfflineTrans_1451,2013/04/24,12:59:29,100
OfflineTrans_1452,2013/04/17,15:16:47,90
OfflineTrans_1453,2013/07/09,11:25:40,70
OfflineTrans_1454,2014/07/17,00:51:35,10
OfflineTrans_1455,2011/07/16,10:37:01,40
OfflineTrans_1456,2016/06/28,13:06:47,40
OfflineTrans_1457,2013/10/22,23:44:55,100
OfflineTrans_1458,2012/03/20,02:54:18,40
OfflineTrans_1459,2016/12/04,21:24:25,10
OfflineTrans_1460,2011/11/10,00:17:03,100
OfflineTrans_1461,2013/09/15,02:52:29,70
OfflineTrans_1462,2011/10/23,19:06:53,100
OfflineTrans_1463,2014/09/21,10:29:22,10
OfflineTrans_1464,2010/04/21,22:24:40,30
OfflineTrans_1465,2011/03/23,15:49:31,90
OfflineTrans_1466,2015/03/22,09:50:19,80
OfflineTrans_1467,2016/12/10,11:39:23,80
OfflineTrans_1468,2015/11/21,18:20:02,80
OfflineTrans_1469,2010/07/11,12:52:08,90
OfflineTrans_1470,2014/05/22,07:04:09,50
OfflineTrans_1471,2014/07/14,21:10:43,90
OfflineTrans_1472,2010/07/13,10:11:22,40
OfflineTrans_1473,2016/05/24,04:22:27,30
OfflineTrans_1474,2011/11/02,04:45:58,60
OfflineTrans_1475,2014/09/26,21:53:09,90
OfflineTrans_1476,2013/10/02,05:00:44,50
OfflineTrans_1477,2014/08/30,13:54:45,100
OfflineTrans_1478,2012/08/08,12:10:24,40
OfflineTrans_1479,2012/03/07,19:14:09,70
OfflineTrans_1480,2012/06/30,13:07:28,100
OfflineTrans_1481,2014/06/15,09:14:58,30
OfflineTrans_1482,2015/06/30,02:37:42,60
OfflineTrans_1483,2015/10/15,13:06:18,80
OfflineTrans_1484,2010/12/22,08:30:10,100
OfflineTrans_1485,2013/01/13,04:57:17,60
OfflineTrans_1486,2010/04/29,07:54:34,10
OfflineTrans_1487,2010/06/18,18:26:51,40
OfflineTrans_1488,2016/11/04,14:17:32,60
OfflineTrans_1489,2012/07/16,17:48:53,50
OfflineTrans_1490,2010/05/22,01:43:36,50
OfflineTrans_1491,2011/09/13,05:48:01,60
OfflineTrans_1492,2016/03/30,07:43:48,10
OfflineTrans_1493,2012/03/12,21:49:30,40
OfflineTrans_1494,2016/06/02,20:36:55,70
OfflineTrans_1495,2016/07/19,23:29:32,40
OfflineTrans_1496,2013/06/01,09:18:13,20
OfflineTrans_1497,2014/08/21,06:15:39,40
OfflineTrans_1498,2016/06/27,19:08:32,10
OfflineTrans_1499,2012/04/21,08:25:04,90
OfflineTrans_1500,2015/03/01,04:19:49,20
OfflineTrans_1501,2013/11/16,06:28:20,60
OfflineTrans_1502,2016/11/02,15:36:32,80
OfflineTrans_1503,2015/09/10,06:57:15,50
OfflineTrans_1504,2013/04/08,04:01:01,80
OfflineTrans_1505,2011/09/04,18:38:03,30
OfflineTrans_1506,2013/06/05,07:34:58,40
OfflineTrans_1507,2010/01/07,22:16:27,30
OfflineTrans_1508,2016/05/02,17:19:48,30
OfflineTrans_1509,2016/01/12,04:16:17,70
OfflineTrans_1510,2012/03/14,19:41:07,90
OfflineTrans_1511,2011/10/30,21:45:44,20
OfflineTrans_1512,2013/06/26,21:32:48,100
OfflineTrans_1513,2010/09/10,17:13:08,50
OfflineTrans_1514,2010/08/13,13:09:07,90
OfflineTrans_1515,2014/06/17,08:35:18,90
OfflineTrans_1516,2013/09/23,09:31:47,10
OfflineTrans_1517,2010/12/09,16:36:52,100
OfflineTrans_1518,2014/12/03,07:32:45,20
OfflineTrans_1519,2013/07/27,08:40:13,70
OfflineTrans_1520,2013/06/23,11:33:48,50
OfflineTrans_1521,2015/04/23,00:35:56,70
OfflineTrans_1522,2015/04/08,18:05:25,20
OfflineTrans_1523,2012/09/19,22:24:26,60
OfflineTrans_1524,2010/07/02,10:37:39,100
OfflineTrans_1525,2014/09/07,19:42:08,80
OfflineTrans_1526,2012/04/07,16:02:21,90
OfflineTrans_1527,2013/12/01,16:59:32,10
OfflineTrans_1528,2012/04/27,23:25:02,20
OfflineTrans_1529,2011/10/03,03:02:43,90
OfflineTrans_1530,2016/03/21,06:51:58,100
OfflineTrans_1531,2010/06/25,15:40:37,30
OfflineTrans_1532,2015/08/18,04:09:25,50
OfflineTrans_1533,2016/01/22,10:12:55,70
OfflineTrans_1534,2016/03/04,05:44:31,80
OfflineTrans_1535,2011/11/23,04:16:33,30
OfflineTrans_1536,2010/09/24,04:31:55,100
OfflineTrans_1537,2012/08/07,16:43:54,10
OfflineTrans_1538,2011/11/30,19:23:49,50
OfflineTrans_1539,2010/01/23,08:52:51,20
OfflineTrans_1540,2011/08/19,04:16:51,70
OfflineTrans_1541,2014/02/10,17:59:31,40
OfflineTrans_1542,2011/11/21,23:21:05,30
OfflineTrans_1543,2015/02/11,08:49:36,60
OfflineTrans_1544,2014/10/21,16:40:25,80
OfflineTrans_1545,2012/07/02,07:15:00,20
OfflineTrans_1546,2012/07/28,12:50:58,50
OfflineTrans_1547,2011/07/13,13:23:58,90
OfflineTrans_1548,2013/06/09,08:23:59,10
OfflineTrans_1549,2010/06/29,08:27:20,70
OfflineTrans_1550,2015/02/05,21:47:28,50
OfflineTrans_1551,2016/11/30,06:57:36,50
OfflineTrans_1552,2015/10/19,17:51:43,30
OfflineTrans_1553,2013/05/12,17:16:36,70
OfflineTrans_1554,2012/08/19,06:45:11,100
OfflineTrans_1555,2016/04/19,02:19:43,20
OfflineTrans_1556,2011/01/17,21:43:25,40
OfflineTrans_1557,2014/11/24,23:22:40,90
OfflineTrans_1558,2013/03/19,03:48:44,30
OfflineTrans_1559,2013/05/14,17:36:40,60
OfflineTrans_1560,2016/08/25,05:38:41,70
OfflineTrans_1561,2012/06/07,22:56:38,20
OfflineTrans_1562,2013/11/05,18:50:45,80
OfflineTrans_1563,2015/04/11,09:00:23,20
OfflineTrans_1564,2011/06/28,22:54:47,90
OfflineTrans_1565,2013/01/07,07:35:02,50
OfflineTrans_1566,2010/03/03,03:58:15,40
OfflineTrans_1567,2012/03/21,16:32:58,80
OfflineTrans_1568,2015/08/14,06:06:35,60
OfflineTrans_1569,2012/01/30,06:05:08,90
OfflineTrans_1570,2012/04/12,09:14:50,100
OfflineTrans_1571,2010/03/31,06:15:57,30
OfflineTrans_1572,2016/03/10,22:05:11,20
OfflineTrans_1573,2014/03/03,15:07:26,20
OfflineTrans_1574,2015/05/12,22:51:59,80
OfflineTrans_1575,2013/12/28,22:58:14,100
OfflineTrans_1576,2016/09/02,05:14:58,40
OfflineTrans_1577,2010/12/07,22:42:25,30
OfflineTrans_1578,2015/07/09,22:57:17,90
OfflineTrans_1579,2013/02/09,17:45:21,40
OfflineTrans_1580,2011/06/04,14:05:42,90
OfflineTrans_1581,2013/08/13,08:01:09,30
OfflineTrans_1582,2013/01/08,15:07:12,90
OfflineTrans_1583,2010/03/21,01:59:07,20
OfflineTrans_1584,2016/12/22,04:40:41,90
OfflineTrans_1585,2015/08/27,13:44:12,90
OfflineTrans_1586,2016/07/08,18:30:21,40
OfflineTrans_1587,2011/01/08,00:26:17,30
OfflineTrans_1588,2013/07/20,23:07:34,70
OfflineTrans_1589,2012/09/23,07:15:20,60
OfflineTrans_1590,2014/05/21,16:32:33,80
OfflineTrans_1591,2013/03/13,20:44:22,40
OfflineTrans_1592,2015/03/01,17:49:19,80
OfflineTrans_1593,2011/03/25,14:45:34,60
OfflineTrans_1594,2011/06/22,23:18:33,60
OfflineTrans_1595,2016/08/26,04:34:09,60
OfflineTrans_1596,2014/04/01,05:08:53,10
OfflineTrans_1597,2011/08/22,12:38:46,90
OfflineTrans_1598,2011/11/14,16:02:00,40
OfflineTrans_1599,2012/11/11,07:40:16,60
OfflineTrans_1600,2013/09/19,12:55:38,70
OfflineTrans_1601,2014/02/24,23:04:39,30
OfflineTrans_1602,2013/02/09,07:56:03,80
OfflineTrans_1603,2012/11/27,08:26:14,90
OfflineTrans_1604,2011/04/26,04:31:50,50
OfflineTrans_1605,2011/06/21,09:15:26,60
OfflineTrans_1606,2016/11/23,11:02:40,90
OfflineTrans_1607,2010/12/27,01:37:24,80
OfflineTrans_1608,2012/05/26,10:22:49,80
OfflineTrans_1609,2015/06/01,15:38:58,70
OfflineTrans_1610,2014/02/05,20:06:40,20
OfflineTrans_1611,2013/10/27,01:16:19,70
OfflineTrans_1612,2012/01/11,17:02:03,90
OfflineTrans_1613,2010/02/12,14:03:42,10
OfflineTrans_1614,2014/01/15,13:13:49,90
OfflineTrans_1615,2012/01/02,03:59:53,80
OfflineTrans_1616,2015/10/09,13:15:50,100
OfflineTrans_1617,2013/07/22,16:25:43,20
OfflineTrans_1618,2013/01/08,13:32:35,100
OfflineTrans_1619,2012/04/27,18:52:49,70
OfflineTrans_1620,2016/04/14,00:33:08,70
OfflineTrans_1621,2010/05/29,16:25:07,70
OfflineTrans_1622,2015/07/08,16:54:51,10
OfflineTrans_1623,2014/06/12,06:58:32,50
OfflineTrans_1624,2011/08/21,18:18:52,20
OfflineTrans_1625,2016/12/27,22:17:39,60
OfflineTrans_1626,2014/02/04,05:57:02,10
OfflineTrans_1627,2015/11/19,03:44:47,20
OfflineTrans_1628,2011/08/17,20:41:37,40
OfflineTrans_1629,2015/12/18,00:26:24,40
OfflineTrans_1630,2011/09/29,16:05:13,80
OfflineTrans_1631,2015/05/06,06:29:55,10
OfflineTrans_1632,2013/02/10,23:51:16,70
OfflineTrans_1633,2014/11/08,14:21:35,50
OfflineTrans_1634,2011/04/01,23:36:41,90
OfflineTrans_1635,2014/06/05,15:11:27,20
OfflineTrans_1636,2016/04/27,19:06:36,10
OfflineTrans_1637,2011/02/22,19:54:41,80
OfflineTrans_1638,2015/06/01,13:57:45,100
OfflineTrans_1639,2011/09/20,03:03:26,80
OfflineTrans_1640,2016/07/23,21:06:09,40
OfflineTrans_1641,2012/07/05,04:35:32,20
OfflineTrans_1642,2015/07/17,13:33:00,50
OfflineTrans_1643,2011/08/02,09:10:24,30
OfflineTrans_1644,2012/08/17,11:41:58,20
OfflineTrans_1645,2012/07/31,04:44:20,30
OfflineTrans_1646,2013/08/03,21:32:05,100
OfflineTrans_1647,2011/05/26,18:53:33,20
OfflineTrans_1648,2016/02/19,10:00:16,40
OfflineTrans_1649,2016/08/11,09:22:43,100
OfflineTrans_1650,2013/09/19,00:52:19,80
OfflineTrans_1651,2015/06/03,14:26:08,10
OfflineTrans_1652,2010/01/06,20:09:55,70
OfflineTrans_1653,2012/03/25,19:19:13,90
OfflineTrans_1654,2012/11/11,01:40:17,50
OfflineTrans_1655,2011/08/27,04:48:11,90
OfflineTrans_1656,2012/03/21,05:55:00,40
OfflineTrans_1657,2016/12/16,10:40:45,50
OfflineTrans_1658,2010/07/14,15:40:48,10
OfflineTrans_1659,2013/11/04,17:12:02,80
OfflineTrans_1660,2015/12/03,07:01:44,90
OfflineTrans_1661,2012/04/11,21:43:12,80
OfflineTrans_1662,2012/03/09,00:00:38,80
OfflineTrans_1663,2012/01/12,12:38:33,60
OfflineTrans_1664,2010/02/16,23:28:31,30
OfflineTrans_1665,2013/06/08,03:33:56,70
OfflineTrans_1666,2016/06/16,05:11:57,70
OfflineTrans_1667,2016/06/13,19:48:57,30
OfflineTrans_1668,2014/07/30,02:37:33,50
OfflineTrans_1669,2014/11/15,14:23:26,60
OfflineTrans_1670,2011/03/03,14:19:02,10
OfflineTrans_1671,2014/02/18,06:27:12,80
OfflineTrans_1672,2010/05/19,16:48:43,70
OfflineTrans_1673,2016/09/16,17:08:17,60
OfflineTrans_1674,2015/09/20,16:35:50,10
OfflineTrans_1675,2013/01/02,12:35:18,90
OfflineTrans_1676,2012/04/15,09:57:20,80
OfflineTrans_1677,2012/04/22,16:32:20,10
OfflineTrans_1678,2014/05/27,23:52:59,100
OfflineTrans_1679,2011/06/04,05:13:05,20
OfflineTrans_1680,2011/12/02,18:40:35,100
OfflineTrans_1681,2011/02/13,14:24:44,80
OfflineTrans_1682,2016/11/03,22:52:55,20
OfflineTrans_1683,2011/12/08,22:35:34,60
OfflineTrans_1684,2013/05/07,07:55:14,70
OfflineTrans_1685,2012/09/14,02:40:49,70
OfflineTrans_1686,2013/08/02,20:56:52,40
OfflineTrans_1687,2015/07/27,10:06:35,100
OfflineTrans_1688,2012/08/30,08:35:39,20
OfflineTrans_1689,2014/02/12,17:37:29,50
OfflineTrans_1690,2012/05/29,08:29:45,70
OfflineTrans_1691,2011/08/01,20:44:45,100
OfflineTrans_1692,2016/05/23,21:04:31,20
OfflineTrans_1693,2014/08/06,14:59:33,50
OfflineTrans_1694,2013/08/12,11:09:08,50
OfflineTrans_1695,2016/07/09,16:49:42,40
OfflineTrans_1696,2011/01/11,08:11:42,20
OfflineTrans_1697,2013/01/25,15:03:15,20
OfflineTrans_1698,2015/12/21,15:54:38,70
OfflineTrans_1699,2015/08/10,15:25:26,60
OfflineTrans_1700,2010/12/09,01:22:12,70
OfflineTrans_1701,2010/02/19,00:38:09,70
OfflineTrans_1702,2012/09/27,16:19:59,40
OfflineTrans_1703,2011/04/27,03:57:57,40
OfflineTrans_1704,2016/11/04,05:42:46,20
OfflineTrans_1705,2011/06/17,01:28:06,40
OfflineTrans_1706,2014/04/29,05:47:30,30
OfflineTrans_1707,2012/02/17,23:33:25,100
OfflineTrans_1708,2013/10/06,23:59:07,40
OfflineTrans_1709,2011/09/23,20:11:48,20
OfflineTrans_1710,2013/07/21,18:02:24,10
OfflineTrans_1711,2015/09/06,18:08:55,40
OfflineTrans_1712,2012/11/04,15:49:36,100
OfflineTrans_1713,2013/05/23,11:08:35,30
OfflineTrans_1714,2010/08/12,03:44:44,100
OfflineTrans_1715,2016/03/11,08:10:50,60
OfflineTrans_1716,2016/02/05,22:45:05,100
OfflineTrans_1717,2014/03/14,21:53:21,40
OfflineTrans_1718,2014/10/04,04:50:31,60
OfflineTrans_1719,2011/10/04,05:46:12,10
OfflineTrans_1720,2011/04/25,12:00:58,80
OfflineTrans_1721,2010/03/02,05:41:58,30
OfflineTrans_1722,2013/05/03,23:26:00,10
OfflineTrans_1723,2010/09/15,23:10:42,90
OfflineTrans_1724,2014/10/05,21:11:17,70
OfflineTrans_1725,2016/12/12,23:34:57,60
OfflineTrans_1726,2010/03/24,20:02:13,30
OfflineTrans_1727,2015/10/15,00:03:47,80
OfflineTrans_1728,2013/01/06,00:32:17,70
OfflineTrans_1729,2016/03/12,05:58:59,90
OfflineTrans_1730,2014/05/24,06:37:29,40
OfflineTrans_1731,2013/12/15,12:42:21,40
OfflineTrans_1732,2016/04/30,04:21:10,60
OfflineTrans_1733,2010/02/17,05:32:53,70
OfflineTrans_1734,2015/04/11,02:23:19,70
OfflineTrans_1735,2016/03/04,01:38:28,80
OfflineTrans_1736,2011/08/03,12:34:48,100
OfflineTrans_1737,2012/08/06,03:08:46,90
OfflineTrans_1738,2011/04/21,23:19:55,70
OfflineTrans_1739,2015/05/09,06:57:05,40
OfflineTrans_1740,2014/04/29,03:28:23,10
OfflineTrans_1741,2014/11/08,03:01:53,80
OfflineTrans_1742,2014/01/11,07:32:22,80
OfflineTrans_1743,2010/03/02,23:28:13,10
OfflineTrans_1744,2011/03/30,21:21:35,10
OfflineTrans_1745,2014/08/23,02:05:03,70
OfflineTrans_1746,2016/05/11,04:06:07,70
OfflineTrans_1747,2010/05/03,13:52:43,100
OfflineTrans_1748,2011/11/03,21:29:09,10
OfflineTrans_1749,2014/02/11,18:47:23,20
OfflineTrans_1750,2012/02/03,12:03:07,10
OfflineTrans_1751,2013/02/25,13:37:33,80
OfflineTrans_1752,2014/04/12,01:38:13,50
OfflineTrans_1753,2015/06/06,07:21:31,10
OfflineTrans_1754,2013/11/10,06:36:45,70
OfflineTrans_1755,2012/01/15,17:12:53,20
OfflineTrans_1756,2015/05/18,08:50:54,60
OfflineTrans_1757,2014/01/31,14:55:50,100
OfflineTrans_1758,2010/10/29,11:13:22,90
OfflineTrans_1759,2011/05/23,16:40:52,20
OfflineTrans_1760,2013/04/11,11:57:14,90
OfflineTrans_1761,2015/03/21,08:15:57,30
OfflineTrans_1762,2015/05/07,06:05:14,60
OfflineTrans_1763,2012/08/09,07:57:31,40
OfflineTrans_1764,2015/05/07,21:44:05,90
OfflineTrans_1765,2013/08/14,18:58:48,20
OfflineTrans_1766,2011/10/11,18:32:50,20
OfflineTrans_1767,2016/12/06,01:51:34,80
OfflineTrans_1768,2016/03/20,19:42:03,10
OfflineTrans_1769,2013/01/28,09:15:14,80
OfflineTrans_1770,2015/04/14,23:12:19,20
OfflineTrans_1771,2013/07/16,19:22:56,10
OfflineTrans_1772,2010/12/05,01:33:10,60
OfflineTrans_1773,2012/04/24,22:31:19,90
OfflineTrans_1774,2013/09/15,22:54:38,20
OfflineTrans_1775,2012/03/03,04:40:46,60
OfflineTrans_1776,2016/12/14,13:43:47,60
OfflineTrans_1777,2013/01/23,09:28:25,80
OfflineTrans_1778,2012/07/04,21:25:06,60
OfflineTrans_1779,2011/10/17,15:02:18,70
OfflineTrans_1780,2010/03/06,04:18:36,100
OfflineTrans_1781,2014/08/07,14:16:21,60
OfflineTrans_1782,2014/12/12,09:28:54,40
OfflineTrans_1783,2014/06/15,19:47:14,40
OfflineTrans_1784,2013/01/09,16:07:47,70
OfflineTrans_1785,2011/10/21,04:25:52,10
OfflineTrans_1786,2016/06/29,23:11:50,50
OfflineTrans_1787,2011/05/26,09:47:29,20
OfflineTrans_1788,2015/11/20,00:50:49,10
OfflineTrans_1789,2010/04/26,00:02:19,40
OfflineTrans_1790,2012/10/15,00:24:13,40
OfflineTrans_1791,2012/02/29,18:54:09,90
OfflineTrans_1792,2015/07/14,13:22:19,60
OfflineTrans_1793,2011/02/19,01:32:48,90
OfflineTrans_1794,2014/10/07,15:49:28,30
OfflineTrans_1795,2013/11/17,14:19:26,40
OfflineTrans_1796,2014/10/03,22:59:04,10
OfflineTrans_1797,2016/07/17,05:46:38,40
OfflineTrans_1798,2013/10/23,13:29:10,20
OfflineTrans_1799,2013/12/20,17:26:47,10
OfflineTrans_1800,2012/08/13,05:16:48,20
OfflineTrans_1801,2012/02/03,21:35:01,40
OfflineTrans_1802,2010/07/05,15:44:37,20
OfflineTrans_1803,2013/07/18,03:50:19,70
OfflineTrans_1804,2014/05/27,02:45:43,30
OfflineTrans_1805,2014/03/19,05:36:57,30
OfflineTrans_1806,2015/09/19,20:21:53,30
OfflineTrans_1807,2014/05/10,11:39:00,90
OfflineTrans_1808,2010/04/11,17:22:49,100
OfflineTrans_1809,2011/03/22,23:15:12,80
OfflineTrans_1810,2016/02/24,08:13:32,50
OfflineTrans_1811,2010/06/14,16:22:50,90
OfflineTrans_1812,2015/10/27,07:52:08,40
OfflineTrans_1813,2014/02/03,19:27:18,90
OfflineTrans_1814,2014/11/27,23:54:14,20
OfflineTrans_1815,2011/11/04,10:30:04,100
OfflineTrans_1816,2015/11/24,20:57:09,90
OfflineTrans_1817,2014/05/25,18:08:20,70
OfflineTrans_1818,2013/03/29,18:02:31,10
OfflineTrans_1819,2014/10/13,10:54:24,90
OfflineTrans_1820,2014/09/18,02:59:19,100
OfflineTrans_1821,2016/01/12,00:28:10,50
OfflineTrans_1822,2016/12/10,18:08:25,80
OfflineTrans_1823,2013/03/30,16:50:12,50
OfflineTrans_1824,2010/03/01,17:25:59,40
OfflineTrans_1825,2014/09/16,12:37:50,100
OfflineTrans_1826,2010/02/14,23:03:23,90
OfflineTrans_1827,2014/12/01,02:08:02,40
OfflineTrans_1828,2014/04/01,15:03:34,30
OfflineTrans_1829,2013/12/06,22:05:44,10
OfflineTrans_1830,2011/11/20,23:13:38,40
OfflineTrans_1831,2016/11/12,11:46:26,40
OfflineTrans_1832,2016/01/08,11:17:37,40
OfflineTrans_1833,2012/05/23,00:26:17,60
OfflineTrans_1834,2013/05/30,03:20:02,10
OfflineTrans_1835,2013/06/02,00:29:06,60
OfflineTrans_1836,2016/08/09,06:40:16,80
OfflineTrans_1837,2012/02/15,12:49:10,30
OfflineTrans_1838,2010/10/10,05:53:19,40
OfflineTrans_1839,2016/11/17,22:27:59,70
OfflineTrans_1840,2013/05/06,22:42:24,10
OfflineTrans_1841,2016/12/02,11:50:11,90
OfflineTrans_1842,2010/05/01,07:39:20,60
OfflineTrans_1843,2012/02/29,19:24:52,40
OfflineTrans_1844,2014/01/05,02:11:53,70
OfflineTrans_1845,2015/03/28,11:02:00,70
OfflineTrans_1846,2014/01/02,13:41:38,30
OfflineTrans_1847,2012/11/27,14:57:08,60
OfflineTrans_1848,2012/08/18,08:04:56,40
OfflineTrans_1849,2010/03/30,03:14:36,40
OfflineTrans_1850,2010/09/08,10:10:59,40
OfflineTrans_1851,2010/05/05,22:14:26,30
OfflineTrans_1852,2016/04/10,12:28:26,80
OfflineTrans_1853,2010/08/18,01:14:14,20
OfflineTrans_1854,2013/08/02,11:11:47,80
OfflineTrans_1855,2016/06/08,20:09:48,20
OfflineTrans_1856,2015/05/04,06:09:09,10
OfflineTrans_1857,2013/09/15,11:14:53,70
OfflineTrans_1858,2014/05/09,08:47:35,50
OfflineTrans_1859,2012/08/01,12:17:39,40
OfflineTrans_1860,2010/08/21,15:04:38,70
OfflineTrans_1861,2016/03/27,03:17:42,90
OfflineTrans_1862,2012/06/13,03:16:42,80
OfflineTrans_1863,2016/08/27,11:24:54,10
OfflineTrans_1864,2011/08/17,12:04:54,40
OfflineTrans_1865,2015/11/10,02:23:36,90
OfflineTrans_1866,2013/01/27,23:48:04,60
OfflineTrans_1867,2011/03/26,06:06:50,10
OfflineTrans_1868,2010/12/25,17:34:50,20
OfflineTrans_1869,2013/11/05,11:26:59,100
OfflineTrans_1870,2011/02/10,01:49:48,80
OfflineTrans_1871,2014/04/29,05:36:07,20
OfflineTrans_1872,2013/10/06,05:04:39,90
OfflineTrans_1873,2011/06/10,11:19:24,30
OfflineTrans_1874,2016/06/27,11:12:33,50
OfflineTrans_1875,2010/10/11,03:53:51,50
OfflineTrans_1876,2016/09/03,13:34:25,100
OfflineTrans_1877,2013/06/28,23:27:02,80
OfflineTrans_1878,2013/09/06,00:04:48,100
OfflineTrans_1879,2012/04/21,06:03:35,30
OfflineTrans_1880,2013/09/25,07:41:28,10
OfflineTrans_1881,2014/05/15,02:39:19,40
OfflineTrans_1882,2012/08/24,00:16:11,60
OfflineTrans_1883,2013/01/02,15:06:48,90
OfflineTrans_1884,2014/12/31,12:04:29,50
OfflineTrans_1885,2016/03/26,23:49:00,30
OfflineTrans_1886,2012/06/09,10:54:54,100
OfflineTrans_1887,2013/05/02,12:13:50,60
OfflineTrans_1888,2012/12/09,00:18:28,90
OfflineTrans_1889,2016/10/16,02:19:51,50
OfflineTrans_1890,2015/12/02,14:42:02,90
OfflineTrans_1891,2013/07/29,11:14:29,60
OfflineTrans_1892,2016/01/10,17:57:54,40
OfflineTrans_1893,2011/05/14,03:04:53,70
OfflineTrans_1894,2013/03/24,06:52:27,60
OfflineTrans_1895,2010/08/26,14:20:45,70
OfflineTrans_1896,2010/03/23,13:40:33,50
OfflineTrans_1897,2016/04/20,09:28:58,20
OfflineTrans_1898,2011/11/18,02:19:00,80
OfflineTrans_1899,2011/03/16,21:54:20,60
OfflineTrans_1900,2013/02/23,18:25:10,20
OfflineTrans_1901,2012/12/27,18:20:38,50
OfflineTrans_1902,2015/07/13,16:00:48,80
OfflineTrans_1903,2016/11/29,17:34:37,100
OfflineTrans_1904,2014/06/06,08:36:16,80
OfflineTrans_1905,2015/01/06,18:27:48,20
OfflineTrans_1906,2010/09/08,21:55:33,40
OfflineTrans_1907,2014/02/06,20:29:10,70
OfflineTrans_1908,2011/07/03,21:00:32,100
OfflineTrans_1909,2014/05/14,03:54:04,40
OfflineTrans_1910,2016/05/28,20:15:22,90
OfflineTrans_1911,2015/03/27,04:05:21,10
OfflineTrans_1912,2011/09/26,04:44:16,70
OfflineTrans_1913,2012/01/19,21:43:00,50
OfflineTrans_1914,2011/03/28,17:31:13,90
OfflineTrans_1915,2016/09/24,21:53:11,20
OfflineTrans_1916,2011/04/13,23:15:06,70
OfflineTrans_1917,2013/09/04,10:16:55,90
OfflineTrans_1918,2013/01/24,16:43:07,70
OfflineTrans_1919,2014/03/21,19:53:52,60
OfflineTrans_1920,2013/06/19,05:26:09,30
OfflineTrans_1921,2011/12/26,14:21:41,60
OfflineTrans_1922,2010/10/17,07:27:11,20
OfflineTrans_1923,2012/06/28,11:49:42,70
OfflineTrans_1924,2013/05/07,01:41:55,30
OfflineTrans_1925,2014/01/07,04:10:12,70
OfflineTrans_1926,2013/02/20,21:46:11,30
OfflineTrans_1927,2013/07/28,01:26:40,70
OfflineTrans_1928,2013/04/27,20:12:38,90
OfflineTrans_1929,2015/01/08,12:24:03,10
OfflineTrans_1930,2014/10/10,15:18:35,30
OfflineTrans_1931,2016/06/19,06:41:10,100
OfflineTrans_1932,2011/01/03,16:44:41,60
OfflineTrans_1933,2013/04/21,11:41:45,100
OfflineTrans_1934,2016/05/17,09:01:30,100
OfflineTrans_1935,2015/06/08,10:24:17,30
OfflineTrans_1936,2011/04/26,15:10:27,20
OfflineTrans_1937,2010/01/22,08:07:00,40
OfflineTrans_1938,2012/07/14,17:37:28,100
OfflineTrans_1939,2012/10/26,18:14:36,10
OfflineTrans_1940,2014/06/05,21:25:50,70
OfflineTrans_1941,2011/12/09,03:58:31,90
OfflineTrans_1942,2011/01/19,05:00:17,20
OfflineTrans_1943,2016/02/28,22:12:04,40
OfflineTrans_1944,2013/12/26,01:54:45,30
OfflineTrans_1945,2012/04/15,21:24:44,100
OfflineTrans_1946,2015/11/22,01:26:01,60
OfflineTrans_1947,2015/04/08,23:38:19,100
OfflineTrans_1948,2015/12/19,02:51:53,90
OfflineTrans_1949,2011/12/15,01:23:20,20
OfflineTrans_1950,2012/06/26,19:17:56,50
OfflineTrans_1951,2012/06/06,19:28:27,20
OfflineTrans_1952,2013/12/08,02:32:41,80
OfflineTrans_1953,2013/04/11,10:26:23,60
OfflineTrans_1954,2014/12/03,21:51:11,80
OfflineTrans_1955,2010/04/14,15:09:48,10
OfflineTrans_1956,2010/04/18,22:31:19,30
OfflineTrans_1957,2011/01/22,13:14:21,10
OfflineTrans_1958,2013/11/09,00:20:05,80
OfflineTrans_1959,2013/08/12,02:01:56,10
OfflineTrans_1960,2016/01/30,19:49:44,10
OfflineTrans_1961,2011/08/19,00:05:26,100
OfflineTrans_1962,2013/01/29,08:17:40,10
OfflineTrans_1963,2010/01/31,07:59:25,70
OfflineTrans_1964,2014/12/07,05:40:06,100
OfflineTrans_1965,2012/06/15,03:31:18,100
OfflineTrans_1966,2015/07/09,06:07:06,90
OfflineTrans_1967,2016/03/31,11:06:04,20
OfflineTrans_1968,2012/07/06,22:06:07,30
OfflineTrans_1969,2011/01/19,10:04:32,90
OfflineTrans_1970,2012/01/24,21:35:21,30
OfflineTrans_1971,2016/12/08,18:23:04,100
OfflineTrans_1972,2012/12/27,10:58:02,70
OfflineTrans_1973,2013/02/11,22:21:51,40
OfflineTrans_1974,2016/02/05,09:40:54,30
OfflineTrans_1975,2016/12/22,00:47:18,90
OfflineTrans_1976,2015/05/28,07:57:50,30
OfflineTrans_1977,2014/12/27,16:22:54,80
OfflineTrans_1978,2015/03/29,09:26:04,80
OfflineTrans_1979,2014/05/15,08:32:06,20
OfflineTrans_1980,2016/08/03,19:02:41,100
OfflineTrans_1981,2016/02/04,22:26:06,30
OfflineTrans_1982,2012/04/09,20:16:28,30
OfflineTrans_1983,2013/11/18,20:16:59,80
OfflineTrans_1984,2012/06/06,19:34:12,90
OfflineTrans_1985,2013/05/17,23:34:38,100
OfflineTrans_1986,2012/10/22,19:36:24,80
OfflineTrans_1987,2010/04/26,17:30:38,10
OfflineTrans_1988,2012/08/22,10:10:11,100
OfflineTrans_1989,2010/06/20,07:31:27,60
OfflineTrans_1990,2014/10/04,00:01:05,20
OfflineTrans_1991,2010/04/28,10:21:42,10
OfflineTrans_1992,2015/08/10,15:07:02,50
OfflineTrans_1993,2011/10/23,21:40:30,20
OfflineTrans_1994,2011/07/19,03:59:46,70
OfflineTrans_1995,2014/08/27,21:05:15,50
OfflineTrans_1996,2015/12/13,12:41:12,10
OfflineTrans_1997,2016/03/29,13:39:07,60
OfflineTrans_1998,2014/09/25,13:41:00,60
OfflineTrans_1999,2010/07/07,06:55:52,40
OfflineTrans_2000,2010/01/23,23:47:12,40